palmitoleic,stearic,oleic,linoleic,linolenic,arachidic,eicosenoic,other
-0.6853786415994649,-1.0794837885878044,0.31409682461642247,1.0101652830897165,-1.0180493444581526,0.6248279818872317,0.9797711338865462,-1.0231146942284237
-0.5908212399258661,-1.0413899627884993,3.066105437607848,0.753516658914776,-1.3024494528312476,1.3321804142123992,0.29660706609813525,1.1665368718035158
-1.217264026013458,-0.31760727260170507,-0.5033314762721198,1.2322650540103381,-0.5646578673416248,-2.5189606062246246,-2.663770560984979,-1.0961030797628217
0.1065395974169246,0.46331615628404665,-0.6395695264202101,0.020587414876724767,-0.12363161232827505,-0.3183085945463252,-0.2043799169466995,0.509641401993934
1.288507118336909,1.0728173690729261,-0.8847980166867728,-0.6259696960255292,0.15252501464270102,-0.3969033092491216,-0.568734086433852,0.21768785985634212
-0.9217721457834618,-1.1747183530860668,-1.0755312868940994,1.602431338878041,-1.5456321541937488,0.2318544083732496,-1.7528851372670977,-1.0961030797628217
-1.0104197098524605,-1.5556566110791163,0.45033487476451284,1.1557640218043463,-1.1581885282941704,1.1749909848068065,1.0708596762583344,1.604467185009904
-0.9513213338064613,-0.45093566289927245,-0.585074306360974,0.2525582867271518,0.4905077521295672,-0.003929735735139597,0.43323987965581745,-1.0231146942284237
2.0154171437026993,1.4728025399656282,-0.557826696331356,-1.4279966465722183,0.8490991931217302,-0.9470663121686964,-0.29546845931848764,0.2906762453907401
-0.8626737697374626,-1.308046743383634,-0.9120456267163909,1.5777535865535273,-1.5538756355958674,-0.1611191651407324,-0.7509111711774283,-1.0231146942284237
1.2353185798955097,0.9013951529760538,-0.012874495738994447,-1.075104788331675,0.6017947510581695,-0.2397138798435288,0.4787841508417115,1.093548486269118
-0.08257520593027289,0.12047172409030199,-0.04012210576861252,0.282171589516568,-0.6306057185585744,0.310449123076046,0.4787841508417115,1.3855020284067099
1.6667367250313039,1.3585210625677133,-0.09461732582784867,-1.5538531834272373,1.0964036351852908,-0.2397138798435288,-0.0677471033890173,0.582629787528332
-0.7444770176454641,-1.460422046580854,-0.6395695264202101,1.4543648249309598,-1.5744843391011643,0.6248279818872317,-0.29546845931848764,-1.0961030797628217
-0.4371654622062682,-0.393794924200315,0.3685920446756586,-0.7049385034639725,1.611621222817709,-0.5540927386547144,0.5698726932134996,-1.0231146942284237
0.7861709219459156,-0.43188874999961996,0.23235399452756822,0.15878282789400044,-0.8325710129104822,0.5462332671844352,0.5243284220276055,-0.07426568228124983
-1.0399688978754602,-0.2985603597020526,0.06886833434985978,0.1291695251045842,0.7089600092857125,-0.9470663121686964,0.29660706609813525,-1.0961030797628217
1.0875726397805117,0.9204420658757062,-2.083692857989968,-0.7567617833454509,0.7089600092857125,-0.3969033092491216,-0.38655700169027574,0.2906762453907401
0.6147856314125179,-0.24141962100309514,-1.0755312868940994,0.06500736906084909,-0.6470926813628117,1.2535856995096029,0.6154169643993938,0.36366463092513807
-0.28941952209127014,0.23475320148821688,-1.1845217270125716,0.2871071399814707,-0.10302290882297832,-0.2397138798435288,-0.11329137457491135,0.4366530164595361
-0.7681163680638639,-0.6414047918957972,-0.44883625621288364,0.17358947928870855,0.523481677738042,0.2318544083732496,0.43323987965581745,-1.0961030797628217
-0.8035753936914634,-0.6985455305947547,0.5865729249126032,0.9114542737916626,-0.8943971234263725,-0.1611191651407324,0.9797711338865462,-1.0231146942284237
-0.4962638382522674,-0.2985603597020526,0.2596016045571863,-0.5692108656791481,1.6281081856219461,-0.5540927386547144,1.0253154050724402,-1.0231146942284237
0.987105400502313,0.8823482400764012,-0.5305790863017379,-1.1540735957701185,0.9603861920503325,0.07466497896765681,0.2055185237263471,1.2395252573379139
-0.6912884792040648,-0.869967746691627,-0.25810298600555714,0.24268718579734638,0.3297598647882528,0.07466497896765681,1.0253154050724402,-1.0231146942284237
-1.512755906243454,-1.4032813078818964,0.6955633650310755,1.0076975078572652,-0.6677013848681085,0.9392068406984172,0.4787841508417115,2.261362654819486
-1.0990672739214595,-1.0794837885878044,-1.5932358774568427,1.644383517829714,-1.5332669320905707,-0.3183085945463252,0.29660706609813525,-1.0961030797628217
-0.7740262056684637,-1.3651874820825916,-0.7758075765683006,1.4543648249309598,-1.5744843391011643,0.5462332671844352,-0.11329137457491135,-1.0961030797628217
0.5911462809941181,0.5395038078826566,-0.44883625621288364,-0.5124520353327671,0.4492903451189738,0.07466497896765681,-0.15883564576080542,0.2906762453907401
0.0238018709525257,0.44426924338439416,0.5865729249126032,0.738710007520068,-1.0180493444581526,-1.7330134591966604,-2.2083278491260385,-1.0961030797628217
0.5438675801573188,0.8442544142770962,0.6683157550014575,-0.7987139622971238,0.2184728658596505,0.4676385524816388,1.1164039474442284,1.677455570544302
0.7270725458999164,-0.5461702273975348,3.338581537904029,-0.12007577337300225,-0.8119623094051855,0.703422696590028,-0.11329137457491135,-0.0012772967468518404
1.069843126966712,0.8061605884777913,-0.585074306360974,-1.075104788331675,0.8532209338227895,0.1532596936704532,-0.0677471033890173,0.801594944131526
1.6135481865899046,1.5680371044638906,0.7773061951199297,-1.6377575413305832,1.0840384130821128,0.7820174112928244,0.15997425254045303,1.02056010073472
0.6088757938079179,0.8252075013774438,1.267763175653055,-1.1664124719323752,0.34212508689143084,1.09639627010401,1.3441253033736988,1.9694091126818938
0.5556872553665186,0.5775976336819615,-0.012874495738994447,-0.6309052464904319,0.5399686405422793,0.7820174112928244,-0.15883564576080542,0.6556181730627301
3.0555485621122855,2.825133355840954,0.20510638449795016,-2.3287346064169614,0.9768731548545698,-0.7112821680603072,0.11442998135455897,0.801594944131526
-0.08257520593027289,0.06333098539134456,-0.3943410361536475,0.15631505266154908,-0.49871001612467536,0.4676385524816388,1.3896695745595928,2.11538588375069
0.9752857252931131,1.663271668962153,-0.31259820606479327,-1.4230610961073156,1.302490670238258,0.9392068406984172,0.4787841508417115,0.801594944131526
0.7034331954815167,0.3299877659864793,-0.3943410361536475,-0.8357305907838941,0.9109253036376204,0.07466497896765681,0.0688857101686649,0.582629787528332
0.7743512467367157,0.672832198180224,-1.34800738719028,-1.3292856372741644,1.611621222817709,0.07466497896765681,0.25106279491224115,0.801594944131526
1.0225644261299125,0.025237159592039593,0.7773061951199297,-0.132414649535259,-0.8985188641274318,0.8606121259956209,-0.0677471033890173,-0.0012772967468518404
-0.12985390676707226,0.19665937568891192,0.09611594437947785,-0.10280134674584279,0.11542934833316691,-0.003929735735139597,-0.15883564576080542,0.509641401993934
-0.8804032825512623,-0.7175924434944072,0.39583965470527666,-0.273077837784986,1.339586336547792,-1.1042557415742893,0.0688857101686649,-1.0961030797628217
0.6916135202723168,0.8633013271767488,-1.4569978273087525,-0.8530050174110535,0.9686296734524511,-0.3183085945463252,0.752049777957076,0.21768785985634212
-1.217264026013458,-0.31760727260170507,-0.23085537597593905,1.1088762923877706,0.012385830806683311,-2.5189606062246246,-2.663770560984979,-1.0231146942284237
-0.40170643657866867,0.3299877659864793,-0.23085537597593905,-0.1990445808114455,0.5440903812433387,-0.08252445043793599,-0.29546845931848764,0.874583329665924
-1.1463459747582587,0.15856554988960697,-0.5033314762721198,0.16125060312645179,0.5729425661507541,0.2318544083732496,1.4352138457454868,-0.9501263086940257
-0.7444770176454641,0.06333098539134456,-0.5033314762721198,0.5906434935729868,0.0948206448278702,-2.5189606062246246,-2.663770560984979,-1.0961030797628217
0.9280070244563138,0.025237159592039593,-0.4760838662425017,-0.3002233653419509,-0.44100564630984457,0.4676385524816388,1.571846659303169,1.7504439560786997
1.19985955426791,1.0728173690729261,-0.2853505960351752,-1.3218823115768104,1.026334043267282,-0.003929735735139597,0.3421513372840293,0.947571715200322
0.4374905032745202,1.0156766303739686,-1.2390169470718078,-0.6333730217228832,0.9274122664418577,-0.475498023951918,-1.206353883036369,-0.2932308388844438
0.7388922211091162,0.6918791110798764,-0.8847980166867728,-1.0430237103098077,1.2200558562170711,0.3890438377788424,-0.02220283220312323,0.582629787528332
-0.9513213338064613,-1.0794837885878044,-1.1845217270125716,1.602431338878041,-1.512658228585274,-0.7898768827631036,-0.02220283220312323,-1.0231146942284237
-0.7444770176454641,-0.9842492240895419,-0.23085537597593905,1.49138145341773,-1.9248322986912085,1.8037487024291776,0.29660706609813525,-1.0231146942284237
1.0402939389437122,-0.050950492006570335,1.8944582063342708,-0.3174977919691103,-0.770744902394592,1.0178015554012136,0.43323987965581745,0.874583329665924
0.7211627082953165,1.4728025399656282,-0.04012210576861252,-0.8604083431084076,0.5440903812433387,0.703422696590028,0.29660706609813525,1.3125136428723119
-0.20668179562687125,0.9204420658757062,-0.7485599665386825,-0.44828987928903197,0.8903166001323236,0.310449123076046,-0.43210127287616984,-0.07426568228124983
0.5143183921343192,0.38712850468543675,-0.5033314762721198,-0.5001131591705104,0.3833424939020243,0.07466497896765681,0.11442998135455897,0.2906762453907401
0.5793266057849183,1.1299581077718834,0.014373114290623627,-0.12254354860545359,-0.6182404964553964,0.1532596936704532,-0.11329137457491135,0.2906762453907401
-1.0399688978754602,-0.6985455305947547,2.2214295266896875,1.3309760633083922,-1.1829189725005265,-2.5189606062246246,-2.663770560984979,-1.0231146942284237
-1.1581656499674586,-0.4890294886985774,-0.6395695264202101,0.14150840126684097,0.8202470082143147,-0.5540927386547144,1.2074924898160166,-0.9501263086940257
-0.3603375733464692,-0.35570109840101005,-0.3943410361536475,-0.5790819666089536,1.3601950400530889,0.07466497896765681,1.2074924898160166,-1.0231146942284237
0.24837569992732272,-1.0985307014874568,-0.6395695264202101,0.08228179568800854,-0.08241420531768161,1.0178015554012136,0.5243284220276055,0.874583329665924
0.27792488795032233,-0.46998257579892494,0.9407918552976382,0.2204772087052842,-0.8820319013231944,1.7251539877263813,0.29660706609813525,0.874583329665924
-0.7444770176454641,-0.6794986176951022,-0.7485599665386825,0.018119639644273416,0.8573426745238488,-0.6326874533575108,0.7065055067711818,-1.0231146942284237
1.6490072122175041,1.8918346237579828,0.7773061951199297,-1.7660818534180536,1.2777602260319019,0.703422696590028,0.2055185237263471,-0.0012772967468518404
2.866433758765088,2.1203975785538125,0.7228109750606936,-2.494075546991202,1.5374298901986407,0.2318544083732496,0.5243284220276055,0.874583329665924
-0.5080835134614673,-1.0794837885878044,-0.23085537597593905,1.3309760633083922,-1.4714408215746806,-0.9470663121686964,-0.8419997135492164,-1.0231146942284237
-1.6250428207308525,-1.0794837885878044,-0.9120456267163909,1.5974957884131382,-0.9685884560454406,1.09639627010401,0.752049777957076,1.02056010073472
0.8629988108057146,-0.31760727260170507,1.0770299054457286,-0.17189905325448063,-0.614118755754337,0.5462332671844352,0.0688857101686649,1.02056010073472
-0.980870521829461,-0.12713814360518025,-0.5033314762721198,0.7140322551955545,0.05360323781727675,-2.5189606062246246,-2.2083278491260385,-0.9501263086940257
-0.8331245817144629,-0.43188874999961996,-0.14911254588708484,0.13904062603438963,0.5523338626454574,0.8606121259956209,-0.11329137457491135,-1.0231146942284237
-1.1581656499674586,-0.6985455305947547,0.5865729249126032,1.1582317970367977,-0.6470926813628117,-1.7330134591966604,-2.2083278491260385,-1.0961030797628217
0.44340034087912017,0.7490198497788338,-1.5932358774568427,-1.0084748570554887,1.3808037435583855,0.703422696590028,0.4787841508417115,0.874583329665924
0.9220971868517138,1.1299581077718834,0.7500585850903116,-1.4279966465722183,1.2406645597223678,1.6465592730235847,0.25106279491224115,0.947571715200322
-1.0990672739214595,-0.9271084853905844,-1.1027788969237173,1.6764645958515814,-1.5209017099873927,-0.3183085945463252,-1.6162523237094155,-0.9501263086940257
0.7684414091321158,0.38712850468543675,1.7037249361269442,-0.2804811634823401,-0.7995970873020075,1.489369843617992,0.5243284220276055,1.3125136428723119
-0.7858458808776636,-0.33665418550135756,-0.23085537597593905,0.06007181859594639,0.6718643429761784,-0.3183085945463252,0.02334143898277084,-1.0231146942284237
-0.8508540945282627,-0.43188874999961996,0.150611164438714,0.10942732324497341,0.6141599731613475,-0.3183085945463252,-0.02220283220312323,-1.0231146942284237
-0.8922229577604621,-1.2699529175843292,-1.1027788969237173,1.5900924627157842,-1.5456321541937488,-0.1611191651407324,-0.38655700169027574,-1.0231146942284237
2.275449998305096,2.9203679203392165,-0.8575504066571548,-1.734000775396186,0.8326122303174928,-0.3183085945463252,-0.02220283220312323,0.801594944131526
-0.6853786415994649,-0.5080764015982299,0.5865729249126032,0.9114542737916626,-1.0180493444581526,0.6248279818872317,0.5243284220276055,-1.0231146942284237
-0.9513213338064613,-1.1747183530860668,-1.1845217270125716,1.651786843527068,-1.5209017099873927,0.2318544083732496,-0.7509111711774283,-0.9501263086940257
1.140761178221911,0.672832198180224,-0.14911254588708484,-0.9714582285687184,0.2638120135713033,0.3890438377788424,0.843138320328864,1.7504439560786997
0.3724822896239211,-0.20332579520379018,0.6683157550014575,-0.004090337447788743,-0.6347274592596337,0.6248279818872317,0.4787841508417115,0.801594944131526
-0.7444770176454641,-0.8890146595912795,-0.3670934261240294,1.4790425772554734,-1.8630061881753184,1.4107751289151955,0.0688857101686649,-1.0961030797628217
0.7093430330861166,-0.393794924200315,0.20510638449795016,-0.2508678606929239,-0.4574926091140819,1.2535856995096029,0.752049777957076,1.458490413941108
1.660826887426704,1.510896365764933,0.5593253148829851,-1.5563209586596887,0.9397774885450357,0.07466497896765681,0.9797711338865462,0.801594944131526
-0.8626737697374626,-1.2699529175843292,-0.23085537597593905,1.4296870726064463,-1.2653537865217135,-1.7330134591966604,0.0688857101686649,-1.0231146942284237
-0.9454114962018615,-0.946155398290237,-0.7213123565090644,-0.16696350278957792,1.35195155865097,-0.2397138798435288,0.38769560846992335,-1.0961030797628217
0.6443348194355175,0.12047172409030199,1.1860203455642009,-1.257720155533075,0.8944383408333829,1.2535856995096029,1.1164039474442284,1.531478799475506
-0.6853786415994649,-0.6985455305947547,0.31409682461642247,-0.5988241684685643,1.673447333333599,-0.7112821680603072,0.752049777957076,-1.0961030797628217
0.3429331016009215,0.6156914594812665,0.6683157550014575,-0.744422907183194,0.8779513780291456,-0.1611191651407324,-0.29546845931848764,-0.2202424533500458
0.39612164004232076,0.7299729368791814,-1.4569978273087525,-0.7049385034639725,1.0964036351852908,-0.08252445043793599,-0.7964554423633223,-0.0012772967468518404
-1.0104197098524605,-1.6699380884770312,0.150611164438714,1.3951382193521273,-1.129336343386755,0.7820174112928244,0.7065055067711818,0.728606558597128
-0.6321901031580656,-0.35570109840101005,-0.44883625621288364,0.18592835545096528,0.3998294567062617,-0.3183085945463252,0.15997425254045303,-0.9501263086940257
0.15381829825372398,0.7299729368791814,0.17785877446833206,-0.4704998563810941,0.5605773440475761,-0.003929735735139597,-0.3410127305043817,0.36366463092513807
1.4835317592887063,2.2727728817510324,0.6138205349422213,-1.9906493995711265,1.7022995182410143,-0.2397138798435288,-0.24992418813259357,0.21768785985634212
1.3062366311507088,0.7871136755781388,0.3685920446756586,-1.4477388484318292,1.1912036713096557,1.7251539877263813,0.02334143898277084,1.02056010073472
-0.8922229577604621,-1.0794837885878044,-1.1845217270125716,1.5900924627157842,-1.5538756355958674,-0.5540927386547144,-0.15883564576080542,-1.0961030797628217
-0.13576374437167218,-0.2795134468024001,0.45033487476451284,-0.7493584576480968,1.4756037796827506,-0.7898768827631036,0.29660706609813525,-0.9501263086940257
-0.9513213338064613,-0.7747331821933646,0.06886833434985978,0.22788053440263828,0.5440903812433387,-0.7898768827631036,0.6609612355852877,-0.9501263086940257
0.9339168620609136,0.7109260239795289,-0.14911254588708484,-0.5544042142844401,0.26793375427236266,-0.6326874533575108,-0.7053668999915342,0.509641401993934
-0.08848504353487281,-0.3747480113006625,-0.20360776594632096,0.3216559932357896,-0.7377709767861174,1.7251539877263813,0.5243284220276055,0.874583329665924
-0.31305887250966985,0.36808159178578426,1.7309725461565624,0.6646767505465274,-1.4796843029767992,0.4676385524816388,-0.3410127305043817,0.509641401993934
1.4185235456381071,1.1490050206715359,-0.6940647464794463,-1.1688802471648265,0.906803562936561,0.310449123076046,-0.4776455440620639,0.4366530164595361
0.16563797346292383,0.7680667626784864,-1.7022263175753152,-0.4458221040565806,0.8655861559259675,-0.7898768827631036,-0.29546845931848764,-0.2932308388844438
-0.6203704279488658,-0.7556862692937121,0.12336355440909592,-0.4112732508022617,1.3601950400530889,-0.5540927386547144,0.6154169643993938,-0.9501263086940257
-0.6971983168086647,-0.7937800950930171,-0.8030551865979186,0.2574938371920545,0.34212508689143084,0.310449123076046,1.2530367610019106,-0.9501263086940257
-0.448985137415468,-1.0794837885878044,0.0416207243202417,1.3556538156329057,-1.3890060075534938,-1.7330134591966604,-1.7528851372670977,-1.0961030797628217
-0.454894975020068,-0.5461702273975348,-0.4215886461832656,0.02305519010917612,0.5399686405422793,0.4676385524816388,0.25106279491224115,-1.0961030797628217
-0.7562966928546639,-0.6604517047954497,0.06886833434985978,0.13904062603438963,0.5482121219443981,-0.2397138798435288,0.15997425254045303,-0.9501263086940257
-1.276362402059457,-0.5080764015982299,1.1315251255049648,1.133554044712284,-1.1004841584793397,0.6248279818872317,1.4352138457454868,-1.0961030797628217
-0.8744934449466624,-1.0223430498888468,-0.12186493585746674,0.9830197555327517,-0.8078405687041261,-0.08252445043793599,0.11442998135455897,0.947571715200322
1.5189907849163058,1.4728025399656282,-1.1027788969237173,-0.9813293294985238,0.2761772356744813,-0.003929735735139597,0.11442998135455897,1.3855020284067099
-1.0399688978754602,-0.9842492240895419,-1.4569978273087525,1.639447967364811,-1.512658228585274,-0.9470663121686964,-0.15883564576080542,-1.0231146942284237
0.9634660500839133,1.0156766303739686,0.09611594437947785,-1.1244602929807022,0.8779513780291456,-0.003929735735139597,0.3421513372840293,0.4366530164595361
-0.4135261117878685,-0.5652171402971873,1.1860203455642009,-0.8381983660163455,1.7022995182410143,-0.9470663121686964,1.1164039474442284,-0.9501263086940257
1.1584906910357107,0.48236306918369914,1.4312488358307636,-0.6950674025341671,-0.11538813092615635,0.5462332671844352,-0.15883564576080542,0.6556181730627301
-0.8626737697374626,-1.308046743383634,-0.9120456267163909,1.5530758342290139,-1.5538756355958674,0.2318544083732496,-0.7509111711774283,-1.0231146942284237
-0.8035753936914634,-0.6033109660964923,-0.5033314762721198,0.02305519010917612,0.5605773440475761,-0.7898768827631036,0.6154169643993938,-0.9501263086940257
-0.7444770176454641,-0.6985455305947547,0.0416207243202417,1.2322650540103381,-0.9356145304369659,-2.5189606062246246,-2.2083278491260385,-1.0231146942284237
0.3843019648331209,0.558550720782309,-0.585074306360974,-0.7592295585779022,1.03869926537046,0.703422696590028,-0.4776455440620639,-0.14725406781564782
0.3547527768101213,0.17761246278925943,0.8590490252087839,0.17112170405625718,-0.8119623094051855,1.2535856995096029,-0.3410127305043817,0.14469947432194413
0.8570889732011147,1.0728173690729261,0.45033487476451284,0.18346058021851394,-1.5167799692863333,1.1749909848068065,0.5243284220276055,0.6556181730627301
-0.5612720519028666,-0.6033109660964923,0.5865729249126032,-0.6802607511394589,1.6940560368388957,-0.7898768827631036,0.43323987965581745,-1.0231146942284237
-1.6309526583354523,-0.6985455305947547,-0.7758075765683006,1.2322650540103381,-0.15248379723569044,-2.5189606062246246,-2.663770560984979,-1.0231146942284237
0.053351058975525306,-1.0413899627884993,1.4857440558899997,0.20813833254302747,-0.6099970150532776,0.9392068406984172,0.38769560846992335,0.874583329665924
0.7329823835045163,0.6918791110798764,-1.4297502172791343,-1.01094263228794,1.2489080411244866,-0.3183085945463252,0.29660706609813525,0.801594944131526
2.624130416976491,2.7298987913426918,-1.5932358774568427,-2.148587014448013,1.372560262156267,-0.08252445043793599,0.15997425254045303,0.874583329665924
0.36657245201932115,0.7490198497788338,-0.12186493585746674,-0.8011817375295752,0.762542638399484,0.1532596936704532,0.29660706609813525,1.093548486269118
0.9930152381069128,0.13951863698995448,-0.5033314762721198,-0.4951776087056076,-0.2225533891536993,0.6248279818872317,1.9362008287903216,1.9694091126818938
0.6502446570401174,0.634738372380919,-1.6204834874864609,-0.588953067538759,0.7172034906878312,0.5462332671844352,-0.4776455440620639,-0.07426568228124983
-0.7444770176454641,-1.460422046580854,-0.23085537597593905,1.5777535865535273,-1.5538756355958674,1.5679645583207884,-2.2083278491260385,-1.0231146942284237
-0.8331245817144629,-0.03190357910691785,0.5865729249126032,-0.4704998563810941,1.35195155865097,-0.8684715974659,1.1164039474442284,-1.0961030797628217
0.8039004347597154,-0.12713814360518025,0.5865729249126032,0.10942732324497341,-1.1334580840878143,0.9392068406984172,0.43323987965581745,0.874583329665924
-0.8922229577604621,-1.2699529175843292,-1.0482836768644812,1.5900924627157842,-1.5456321541937488,-0.1611191651407324,-0.24992418813259357,-1.0961030797628217
2.931441972415687,1.9870691882562452,-1.9747024178714958,-2.155990340145367,1.384925484259445,1.0178015554012136,0.15997425254045303,0.509641401993934
-0.5080835134614673,-0.8890146595912795,0.31409682461642247,1.2075873016858247,-1.430223414564087,-0.1611191651407324,0.5243284220276055,-1.0231146942284237
-0.7740262056684637,-0.7366393563940596,-0.5033314762721198,0.10449177278007071,0.6801078243782971,-0.3183085945463252,0.6154169643993938,-1.0961030797628217
-0.448985137415468,-0.6985455305947547,-0.23085537597593905,0.6646767505465274,-0.770744902394592,0.6248279818872317,1.4352138457454868,-1.0961030797628217
-0.7799360432730637,-0.45093566289927245,0.12336355440909592,0.027990740574078823,0.7007165278835937,-0.3969033092491216,0.11442998135455897,-1.0231146942284237
1.4539825712657068,0.9775828045746636,-0.8575504066571548,-1.2256390775112076,0.9232905257407984,0.6248279818872317,0.25106279491224115,0.582629787528332
0.27792488795032233,0.4252223304847417,-0.12186493585746674,-0.5766141913765022,0.523481677738042,-0.1611191651407324,-0.0677471033890173,1.1665368718035158
-0.3898867613694688,-0.5080764015982299,1.4040012258011454,0.9854875307652031,-1.3890060075534938,-0.9470663121686964,0.5243284220276055,-0.9501263086940257
0.6502446570401174,0.7680667626784864,-0.12186493585746674,-0.8678116688057617,0.5523338626454574,-0.1611191651407324,-0.43210127287616984,0.509641401993934
-0.34260806053266946,-0.7175924434944072,-0.7485599665386825,0.17358947928870855,0.5028729742327452,0.1532596936704532,1.2985810321878046,-1.0231146942284237
-0.6144605903442658,-0.5271233144978824,0.7773061951199297,-0.6062274941659185,1.5868907786113529,-0.6326874533575108,1.4352138457454868,-0.9501263086940257
0.679793845063117,0.9966297174743162,-1.1572741169829537,-0.9270382743845941,1.0964036351852908,0.310449123076046,-0.38655700169027574,0.21768785985634212
-0.8153950689006632,-0.7366393563940596,-0.44883625621288364,0.06747514429330044,0.6718643429761784,-0.3183085945463252,0.38769560846992335,-1.0961030797628217
-0.3898867613694688,-0.31760727260170507,0.5865729249126032,0.7633877598445815,-0.9768319374475593,-0.9470663121686964,1.4352138457454868,-1.0961030797628217
0.11244943502152453,-0.45093566289927245,-0.14911254588708484,0.20813833254302747,-0.5316839417331501,1.1749909848068065,-0.11329137457491135,1.02056010073472
1.507171109707106,1.9108815366576353,-0.6395695264202101,-0.9122316229898859,0.04535975641515806,0.07466497896765681,0.43323987965581745,1.3125136428723119
0.7743512467367157,0.8633013271767488,0.17785877446833206,-0.603759718933467,0.3173946426850748,0.2318544083732496,-0.6142783576197461,0.728606558597128
-0.3307883853234696,-0.8890146595912795,-0.23085537597593905,1.182909549361311,-1.22413637951112,-1.7330134591966604,-0.8419997135492164,-1.0961030797628217
1.436253058451907,1.739459320560763,-0.585074306360974,-0.6703896502096536,-0.3709360543918357,0.310449123076046,0.29660706609813525,1.458490413941108
-1.1167967867352593,-0.5842640531968398,0.20510638449795016,0.21800943347283286,0.53584689984122,-0.003929735735139597,0.9797711338865462,-0.9501263086940257
1.2294087422909097,0.9204420658757062,0.8318014151791658,-1.0726370130992238,0.20610764375647248,0.1532596936704532,0.8886825915147581,1.1665368718035158
0.8689086484103145,-0.16523196940448523,1.2132679555938188,-0.07072026872397523,-0.985075418849678,1.0178015554012136,0.43323987965581745,0.947571715200322
-1.5718542822894532,-0.6985455305947547,-0.23085537597593905,0.9608097784406896,0.17725545884905708,-2.5189606062246246,-2.663770560984979,-0.9501263086940257
1.20576939187251,1.3204272367684082,-0.557826696331356,-0.91963494868724,0.3833424939020243,-0.003929735735139597,0.11442998135455897,0.728606558597128
-0.9572311714110613,-1.1366245272867617,0.20510638449795016,0.9410675765810788,-1.0757537142729836,1.882343417131974,1.1164039474442284,2.11538588375069
-0.7740262056684637,-1.8413603045739035,-0.8303027966275367,1.688803472013838,-1.6775278566276477,1.5679645583207884,-1.7528851372670977,-0.9501263086940257
0.756621733922916,1.4728025399656282,-0.09461732582784867,-0.9418449257793022,0.4410468637168551,-0.8684715974659,-0.38655700169027574,-0.14725406781564782
1.1466710158265108,1.5680371044638906,-0.09461732582784867,-1.2601879307655264,0.919168785039739,-0.003929735735139597,0.02334143898277084,0.801594944131526
0.9102775116425139,1.0918642819725786,-0.44883625621288364,-1.018345957985294,0.8738296373280863,-0.2397138798435288,-0.6598226288056401,0.21768785985634212
-0.224411308440671,0.17761246278925943,0.2868492145868044,0.8102754892611571,-1.417858192460909,-0.3969033092491216,-0.15883564576080542,0.21768785985634212
1.3416956567783083,1.0728173690729261,-1.2390169470718078,-1.3909800180854481,1.3601950400530889,0.310449123076046,0.0688857101686649,0.582629787528332
0.12426911023072437,-0.6033109660964923,0.504830094823749,0.23281608486754096,-0.6800666069712865,0.8606121259956209,0.5243284220276055,1.3855020284067099
-1.276362402059457,-0.6985455305947547,0.31409682461642247,1.2075873016858247,-0.5234404603310314,-2.5189606062246246,-2.663770560984979,-1.0231146942284237
-1.4536575301974548,-0.6985455305947547,-0.5033314762721198,1.1582317970367977,-0.1937012042462839,-2.5189606062246246,-2.663770560984979,-1.0231146942284237
-0.8626737697374626,-1.2699529175843292,-0.9120456267163909,1.5777535865535273,-1.5538756355958674,-0.003929735735139597,-0.9330882559210045,-1.0231146942284237
-0.34851789813726936,-0.2985603597020526,0.34134443464604053,-1.0578303617045157,2.0320387743257617,-0.7898768827631036,1.6629352016749572,-1.0231146942284237
0.6738840074585171,-0.8890146595912795,0.5865729249126032,0.5166102365994464,-0.8943971234263725,-1.7330134591966604,-1.2974424254081571,-1.0961030797628217
-0.7326573424362642,-0.6604517047954497,-0.5305790863017379,0.11189509847742476,0.6100382324602882,-0.003929735735139597,0.6609612355852877,-1.0231146942284237
0.5143183921343192,0.634738372380919,-0.6395695264202101,-0.9862648799634265,1.3230993737435548,-0.6326874533575108,-0.38655700169027574,0.07171108878754615
-1.6309526583354523,-0.8890146595912795,0.31409682461642247,1.5777535865535273,-0.9768319374475593,-1.7330134591966604,-1.7528851372670977,-1.0231146942284237
0.5143183921343192,-0.5842640531968398,1.9489534263935069,0.099556222315168,-0.9067623455295505,1.1749909848068065,-0.2043799169466995,0.728606558597128
-0.06484569311647312,0.13951863698995448,0.09611594437947785,0.8571632186777328,-1.487927784378918,0.310449123076046,-0.43210127287616984,0.728606558597128
-0.6203704279488658,-0.9271084853905844,-0.20360776594632096,0.11683064894232746,0.5894295289549915,-0.7898768827631036,0.4787841508417115,-1.0231146942284237
1.814482665146302,0.8633013271767488,-0.966540846775627,-1.4082544447126075,0.7419339348941872,1.5679645583207884,1.2985810321878046,1.3125136428723119
-0.8626737697374626,1.0156766303739686,0.0416207243202417,0.6893545028710409,-0.48222305332043797,-1.7330134591966604,-0.8419997135492164,-1.0231146942284237
-0.9513213338064613,-1.1175776143871092,-0.9120456267163909,1.602431338878041,-1.5456321541937488,-0.9470663121686964,-0.8419997135492164,-0.9501263086940257
-1.0399688978754602,0.25380011438786937,0.31409682461642247,0.9114542737916626,-0.6058752743522183,-1.7330134591966604,-0.8419997135492164,-1.0231146942284237
-0.8331245817144629,-1.308046743383634,-0.8303027966275367,1.5777535865535273,-1.5456321541937488,0.2318544083732496,-1.206353883036369,-1.0961030797628217
-0.9690508466202612,-1.4794689594805064,-1.3752549972198982,1.651786843527068,-1.4920495250799772,1.2535856995096029,-0.4776455440620639,-1.0231146942284237
0.4611298536929199,0.25380011438786937,-0.585074306360974,-0.7172773796262292,1.001603599060926,-0.3183085945463252,0.02334143898277084,-0.2932308388844438
-0.8626737697374626,-0.6985455305947547,1.1315251255049648,1.1582317970367977,-1.1829189725005265,-0.1611191651407324,-0.38655700169027574,-0.9501263086940257
0.8925479988287142,0.5204568949830041,-0.6668171364498282,-0.7888428613673184,0.46577730792321115,0.1532596936704532,0.7065055067711818,1.1665368718035158
-1.3354607781054564,-0.6985455305947547,3.3113339278744105,0.7880655121690949,-0.15248379723569044,-1.7330134591966604,-2.663770560984979,-0.9501263086940257
-0.8331245817144629,-1.308046743383634,-0.8303027966275367,1.5654147103912706,-1.5538756355958674,0.2318544083732496,-1.115265340664581,-1.0961030797628217
0.5911462809941181,-0.2604665339027476,0.3685920446756586,-0.043574741167010364,-0.5028317568257347,0.4676385524816388,0.0688857101686649,0.14469947432194413
-0.7090179920178646,-0.46998257579892494,0.06886833434985978,-0.050978066864364416,0.7872730826058401,-0.475498023951918,0.3421513372840293,-1.0961030797628217
-0.7444770176454641,-2.127063998068691,-0.5033314762721198,1.6764645958515814,-1.6775278566276477,1.4107751289151955,-1.7528851372670977,-1.0231146942284237
1.0284742637345123,1.3775679754673658,-0.33984581609441133,-0.4458221040565806,-0.09065768671980029,-0.8684715974659,-0.4776455440620639,0.21768785985634212
0.076990409393925,0.12047172409030199,-0.6395695264202101,0.26242938765695717,-0.6182404964553964,0.07466497896765681,0.6154169643993938,1.2395252573379139
-0.8331245817144629,-1.3651874820825916,-0.7758075765683006,1.5530758342290139,-1.5538756355958674,0.2318544083732496,-0.6142783576197461,-0.9501263086940257
0.14199862304452412,-0.46998257579892494,-0.012874495738994447,0.10695954801252205,-0.44100564630984457,1.3321804142123992,0.25106279491224115,0.874583329665924
1.3357858191737084,1.4728025399656282,0.23235399452756822,-1.6451608670279372,1.3684385214552075,0.7820174112928244,-0.2043799169466995,0.874583329665924
0.27792488795032233,0.5014099820833516,-0.8847980166867728,-0.5025809344029617,0.5688208254496948,0.3890438377788424,0.0688857101686649,0.874583329665924
0.6561544946447173,1.3394741496680609,-0.4760838662425017,-1.2725268069277833,1.3313428551456734,-0.003929735735139597,0.02334143898277084,1.3125136428723119
0.6088757938079179,0.7490198497788338,-0.557826696331356,-0.29775559010949953,-0.2225533891536993,0.6248279818872317,0.4787841508417115,0.6556181730627301
1.3771546824059078,0.634738372380919,2.957114997489376,-1.5686598348219454,0.6182817138624069,0.9392068406984172,1.6173909304890632,1.458490413941108
-0.980870521829461,-0.5080764015982299,0.0416207243202417,0.7140322551955545,0.05360323781727675,-1.7330134591966604,-2.663770560984979,-1.0961030797628217
-0.15349325718547194,-1.0794837885878044,0.5865729249126032,0.6153212458975004,-0.8119623094051855,0.6248279818872317,1.4352138457454868,-1.0231146942284237
-0.8508540945282627,-1.7080319142763363,-0.5033314762721198,1.5900924627157842,-1.5538756355958674,0.6248279818872317,-0.8419997135492164,-0.9501263086940257
0.9693758876885131,-0.6985455305947547,1.1315251255049648,0.26983271335431125,-0.7295274953839986,-2.5189606062246246,-1.7528851372670977,-1.0231146942284237
-0.5967310775304661,-0.6223578789961448,0.17785877446833206,-0.46309653068374007,1.4137776691668604,-0.6326874533575108,0.38769560846992335,-1.0231146942284237
-0.8390344193190629,-0.5842640531968398,-0.23085537597593905,0.07487846999065449,0.6182817138624069,-0.475498023951918,1.7084794728608512,-1.0231146942284237
-1.0340590602708604,-0.7747331821933646,-0.23085537597593905,0.2723004885867626,0.5152381963359233,-0.2397138798435288,0.9342268627006521,-0.9501263086940257
-0.448985137415468,-1.0794837885878044,-0.5033314762721198,1.3803315679574193,-1.6363104496170544,-0.1611191651407324,0.9797711338865462,-0.9501263086940257
0.6502446570401174,1.034723543273621,0.7773061951199297,-0.40386992510490766,-0.18133598214310587,0.6248279818872317,0.0688857101686649,1.458490413941108
0.9516463748747134,0.8633013271767488,-1.0210360668348633,-0.5025809344029617,0.16901197744693838,0.310449123076046,-0.38655700169027574,0.947571715200322
0.9634660500839133,0.8061605884777913,-1.5659882674272247,-0.7394873567182914,0.5069947149338047,0.310449123076046,0.6154169643993938,-0.0012772967468518404
-0.8035753936914634,-0.8890146595912795,-0.3670934261240294,1.5283980819045002,-1.8217887811647249,1.0178015554012136,0.0688857101686649,-1.0231146942284237
-1.0104197098524605,-0.5461702273975348,0.0416207243202417,0.0847495709204599,0.7666643791005433,-0.6326874533575108,0.7065055067711818,-1.0961030797628217
-0.3307883853234696,-0.8890146595912795,0.31409682461642247,1.1088762923877706,-1.2653537865217135,-0.9470663121686964,-0.38655700169027574,-1.0231146942284237
0.6620643322493173,0.6156914594812665,0.2596016045571863,-0.7246807053235833,0.42868164161367706,-0.08252445043793599,0.38769560846992335,0.6556181730627301
0.2129166742997232,1.5299432786645857,-0.6395695264202101,-0.3915310489426509,0.49875123353168593,0.3890438377788424,-0.29546845931848764,0.4366530164595361
-1.6309526583354523,-0.6985455305947547,1.9489534263935069,1.2569428063348518,-0.6058752743522183,-2.5189606062246246,-2.663770560984979,-0.9501263086940257
-0.3307883853234696,-0.5080764015982299,-1.0482836768644812,0.5166102365994464,-0.6470926813628117,1.4107751289151955,1.8906565576044276,-1.0961030797628217
-0.448985137415468,-0.5842640531968398,0.31409682461642247,-0.6605185492798481,1.566282075106056,-0.6326874533575108,0.9342268627006521,-1.0231146942284237
-1.0931574363168595,-0.35570109840101005,-0.04012210576861252,0.22788053440263828,0.5646990847486354,-0.1611191651407324,0.3421513372840293,-0.9501263086940257
-0.9217721457834618,-0.12713814360518025,-0.2853505960351752,-0.036171415469656305,0.6924730464814751,0.2318544083732496,2.118377913533898,-1.0231146942284237
-1.512755906243454,-0.6985455305947547,2.7663817272820492,0.5659657412484733,0.25969027287024393,-2.5189606062246246,-2.663770560984979,-1.0231146942284237
-0.3898867613694688,-0.8890146595912795,0.0416207243202417,0.9361320261161761,-1.0592667514687462,0.6248279818872317,0.5243284220276055,-1.0961030797628217
-0.8863131201558623,0.00619024669238711,0.6410681449718394,-0.3742566223154914,1.2695167446297833,-0.3183085945463252,0.15997425254045303,-1.0231146942284237
-0.8153950689006632,-1.384234394982244,-0.7213123565090644,1.5654147103912706,-1.5744843391011643,0.7820174112928244,-1.206353883036369,-1.0231146942284237
1.1880398790587103,1.8156469721593729,-1.2117693370421898,-1.2527846050681724,1.0840384130821128,0.8606121259956209,-0.11329137457491135,-0.0012772967468518404
0.14790846064912405,-0.10809123070552777,2.275924746748924,-0.17930237895183468,-0.41215346140242914,1.1749909848068065,0.29660706609813525,0.6556181730627301
1.3239661439645085,1.1490050206715359,-0.3670934261240294,-1.1540735957701185,0.8037600454100774,0.2318544083732496,-0.11329137457491135,1.1665368718035158
0.5024987169251194,0.17761246278925943,-0.31259820606479327,-0.33723999382872116,-0.11126639022509702,0.8606121259956209,0.2055185237263471,1.02056010073472
0.6088757938079179,0.7490198497788338,-0.0673697157982306,-0.9443127010117536,0.9109253036376204,-0.1611191651407324,0.0688857101686649,0.509641401993934
0.7802610843413157,0.8442544142770962,-0.2853505960351752,-0.7419551319507427,0.3297598647882528,0.703422696590028,-0.2043799169466995,0.728606558597128
1.0225644261299125,1.3966148883670182,-0.585074306360974,-1.1565413710025698,1.0180905618651632,-0.08252445043793599,0.0688857101686649,0.801594944131526
-0.9217721457834618,-1.1747183530860668,-1.320759777160662,1.602431338878041,-1.5332669320905707,-0.5540927386547144,-0.15883564576080542,-1.0961030797628217
-0.7858458808776636,-0.5842640531968398,-0.5033314762721198,0.17112170405625718,0.44516860441791445,-0.003929735735139597,1.6173909304890632,-0.9501263086940257
0.7861709219459156,0.8442544142770962,-1.2117693370421898,-0.9221027239196914,1.1087688572884689,-0.1611191651407324,-0.4776455440620639,-0.07426568228124983
1.7908433147279024,1.2823334109691034,-0.4215886461832656,-1.349027839133775,0.8284904896164335,0.4676385524816388,-0.02220283220312323,-0.0012772967468518404
1.3416956567783083,0.7109260239795289,-1.1845217270125716,-0.9912004304283292,0.7295687127910092,1.3321804142123992,-0.02220283220312323,0.07171108878754615
-0.6203704279488658,-0.7556862692937121,-0.557826696331356,-0.34711109475852653,1.364316780754148,-0.3183085945463252,-0.0677471033890173,-1.0231146942284237
-0.8508540945282627,-0.393794924200315,-0.25810298600555714,0.2871071399814707,0.6100382324602882,0.07466497896765681,0.843138320328864,-1.0961030797628217
-1.0399688978754602,-0.12713814360518025,-0.5033314762721198,0.7140322551955545,0.13603805183846363,-2.5189606062246246,-2.663770560984979,-1.0961030797628217
0.7861709219459156,1.510896365764933,-0.6940647464794463,-0.8826183202004697,0.7872730826058401,0.2318544083732496,-0.38655700169027574,-0.0012772967468518404
1.3062366311507088,1.0537704561732735,1.0497822954161105,-0.7172773796262292,-0.46985783121725994,0.703422696590028,1.1619482186301224,1.531478799475506
0.4670396912975198,0.23475320148821688,0.0416207243202417,-0.028768089772302254,-0.5976317929500996,0.7820174112928244,0.0688857101686649,1.1665368718035158
0.2956544007641221,0.6918791110798764,-1.2390169470718078,-0.6679218749772022,1.0428210060715193,-0.2397138798435288,-0.0677471033890173,-0.2932308388844438
-1.589583795103253,-1.3651874820825916,1.2132679555938188,0.9410675765810788,-0.5935100522490403,1.0178015554012136,0.2055185237263471,2.261362654819486
1.0875726397805117,0.9966297174743162,-0.3943410361536475,-0.9566515771740103,0.5935512696560509,0.07466497896765681,-0.11329137457491135,0.801594944131526
-1.731419897613651,-0.6223578789961448,-1.2390169470718078,1.3062983109838788,-0.7789883837967108,0.7820174112928244,0.752049777957076,1.093548486269118
0.8393594603873149,-0.2985603597020526,1.1860203455642009,-0.45322542975393465,-0.15248379723569044,1.09639627010401,0.25106279491224115,0.509641401993934
0.679793845063117,0.6156914594812665,1.8399629862750346,-0.20151235604389683,-0.6883100883734052,0.310449123076046,0.0688857101686649,0.4366530164595361
-1.0104197098524605,-1.1747183530860668,-1.3752549972198982,1.6147702150402976,-1.5332669320905707,-0.7898768827631036,0.29660706609813525,-1.0231146942284237
-0.17122276999927172,0.46331615628404665,-1.9747024178714958,-0.3742566223154914,1.0593079688757567,-0.3969033092491216,-0.3410127305043817,-0.14725406781564782
-0.6853786415994649,-0.5080764015982299,0.0416207243202417,1.0101652830897165,-1.0180493444581526,-0.9470663121686964,0.5243284220276055,-1.0961030797628217
-0.8626737697374626,-0.6985455305947547,1.4040012258011454,1.0348430354142302,-1.0592667514687462,1.4107751289151955,1.8906565576044276,-1.0961030797628217
-0.8272147441098631,-0.5080764015982299,0.8590490252087839,-0.36685329661813737,1.2571515225266052,-0.5540927386547144,0.7065055067711818,-1.0231146942284237
-1.217264026013458,-0.5080764015982299,0.5865729249126032,0.9854875307652031,-0.3173534252780642,-2.5189606062246246,-2.2083278491260385,-1.0231146942284237
0.4788593665067197,1.3394741496680609,0.7500585850903116,-0.6777929759070076,0.37097727179884626,0.6248279818872317,0.0688857101686649,0.4366530164595361
0.2601953751365226,-0.31760727260170507,1.6764773260973262,0.4425769796259058,-0.770744902394592,-1.7330134591966604,-2.2083278491260385,-1.0231146942284237
0.44931017848372007,0.08237789829099704,0.8318014151791658,-0.3545144204558806,-0.1566055379367498,0.703422696590028,0.4787841508417115,0.2906762453907401
-1.276362402059457,-0.5080764015982299,1.6764773260973262,0.7633877598445815,-0.07004898321450358,-2.5189606062246246,-2.2083278491260385,-1.0231146942284237
1.0402939389437122,1.110911194872231,-0.31259820606479327,-1.1565413710025698,0.931534007142917,0.1532596936704532,0.6154169643993938,1.1665368718035158
1.0816628021759116,1.2442395851697983,-0.585074306360974,-0.7765039852050617,0.15252501464270102,0.310449123076046,0.5243284220276055,1.458490413941108
-0.9217721457834618,-1.0794837885878044,-1.1027788969237173,1.6147702150402976,-1.5209017099873927,-0.3183085945463252,-1.0241767982927927,-0.9501263086940257
2.3818270751878945,0.8633013271767488,2.793629337311667,-1.9758427481764183,0.6059164917592289,1.09639627010401,1.480758116931381,1.1665368718035158
-1.4241083421744551,-1.536609698179464,1.6219821060380901,1.2223939530805328,-1.2282581202121792,1.882343417131974,1.2530367610019106,1.7504439560786997
1.2707776055231093,1.3966148883670182,-0.557826696331356,-0.8159883889242833,0.11955108903422626,-0.1611191651407324,0.15997425254045303,1.093548486269118
0.6561544946447173,0.558550720782309,-0.3943410361536475,-1.1367991691429589,1.384925484259445,-0.5540927386547144,-0.4776455440620639,0.21768785985634212
-0.6144605903442658,0.5775976336819615,0.31409682461642247,0.8152110397260598,-1.3972494889556124,1.0178015554012136,0.0688857101686649,1.093548486269118
0.4847692041113196,0.9966297174743162,-1.4025026072495164,-0.6925996273017158,0.8944383408333829,0.2318544083732496,-0.7509111711774283,0.6556181730627301
-1.6782313591722517,-0.946155398290237,0.8045538051495478,1.2569428063348518,-0.9933189002517967,0.8606121259956209,0.8886825915147581,1.2395252573379139
1.731744938681903,1.6823185818618054,-0.6940647464794463,-1.748807426790894,1.372560262156267,1.0178015554012136,0.4787841508417115,0.801594944131526
0.4020314776469207,-0.050950492006570335,1.3767536157715274,-0.37178884708304005,-0.2019446856484026,1.2535856995096029,0.11442998135455897,1.531478799475506
0.7270725458999164,1.0156766303739686,-0.585074306360974,-1.025749283682648,0.931534007142917,0.07466497896765681,0.11442998135455897,1.02056010073472
0.28383472555492223,-0.6414047918957972,0.9952870753568743,-0.18670570464918873,-0.34620561018547963,0.8606121259956209,0.843138320328864,2.1883742692850876
1.2471382551047094,2.0823037527545076,0.45033487476451284,-1.7364685506286373,1.4797255203838098,0.07466497896765681,-0.3410127305043817,0.36366463092513807
0.27792488795032233,0.46331615628404665,-1.266264557101426,-0.7666328842752562,1.2118123748149525,0.6248279818872317,-0.29546845931848764,0.36366463092513807
-1.0931574363168595,-1.7461257400756411,-0.25810298600555714,1.6468512930621653,-1.5332669320905707,-0.8684715974659,0.29660706609813525,0.582629787528332
0.3192937511825218,-1.2699529175843292,0.8590490252087839,0.5906434935729868,-1.2653537865217135,2.9826694229711235,1.8906565576044276,-1.0231146942284237
-0.5671818895074665,-0.6985455305947547,0.31409682461642247,1.4050093202819327,-1.6775278566276477,-0.9470663121686964,0.0688857101686649,-0.9501263086940257
-0.6262802655534657,-0.8890146595912795,0.5865729249126032,1.1582317970367977,-1.3477886005429003,0.6248279818872317,0.0688857101686649,-0.9501263086940257
0.17745764867212366,-0.5652171402971873,0.9407918552976382,0.3068493418410815,-0.9644667153443812,1.0178015554012136,0.4787841508417115,0.947571715200322
-0.980870521829461,-0.5080764015982299,-0.23085537597593905,1.0348430354142302,-0.44100564630984457,-1.7330134591966604,-2.2083278491260385,-1.0231146942284237
-0.005747317070473908,0.2157062885885644,0.6410681449718394,0.027990740574078823,-0.47810131261937866,1.7251539877263813,0.3421513372840293,1.458490413941108
1.0816628021759116,0.6156914594812665,-0.3670934261240294,-1.1071858663535428,0.8903166001323236,0.2318544083732496,0.0688857101686649,1.093548486269118
0.1597281358583239,0.5395038078826566,-0.8030551865979186,-0.4211443517320671,0.7048382685846531,-0.08252445043793599,-0.7509111711774283,0.14469947432194413
1.3003267935461087,0.9966297174743162,0.31409682461642247,-1.4131899951775102,1.195325412010715,0.703422696590028,0.29660706609813525,-0.14725406781564782
-0.2716900092774704,-0.6985455305947547,0.0416207243202417,0.886776521467149,-1.1004841584793397,-0.1611191651407324,0.9797711338865462,-1.0231146942284237
-0.5671818895074665,-0.6033109660964923,0.8045538051495478,-0.5568719895168914,1.5250646680954627,-0.7112821680603072,0.5698726932134996,-0.9501263086940257
0.5379577425527189,0.25380011438786937,-0.966540846775627,0.04279739196878693,-0.6347274592596337,0.310449123076046,1.2985810321878046,1.3855020284067099
0.7861709219459156,0.558550720782309,0.34134443464604053,-1.0380881598449048,0.9562644513492731,0.7820174112928244,0.2055185237263471,1.02056010073472
-0.09439488113947274,-0.8890146595912795,0.31409682461642247,0.738710007520068,-0.8943971234263725,-0.1611191651407324,0.0688857101686649,-1.0231146942284237
0.5793266057849183,0.5014099820833516,-0.25810298600555714,-0.9443127010117536,0.9768731548545698,0.07466497896765681,0.3421513372840293,0.582629787528332
0.6384249818309176,-0.1842788823041377,1.594734496008472,-0.44828987928903197,-0.32971864738124224,1.489369843617992,0.29660706609813525,1.8234323416130978
-0.08257520593027289,-1.0794837885878044,2.7391341172524313,0.7263711313578112,-1.6940148194318851,1.2535856995096029,0.38769560846992335,1.9694091126818938
0.5911462809941181,1.110911194872231,-0.14911254588708484,-0.8752149945031157,0.7336904534920685,1.882343417131974,0.6609612355852877,-0.0012772967468518404
-0.673558966390265,-0.43188874999961996,0.34134443464604053,-0.40880547556981034,1.384925484259445,-1.3400398856826785,-0.02220283220312323,-1.0961030797628217
-0.6853786415994649,-1.0985307014874568,1.3222583957122913,0.25996161242450583,-0.12775335302933438,0.7820174112928244,0.02334143898277084,1.458490413941108
-0.9513213338064613,-1.0794837885878044,-0.8303027966275367,1.6468512930621653,-1.5209017099873927,-0.3183085945463252,-1.160809611850475,-1.0231146942284237
-1.1167967867352593,-0.4890294886985774,0.2596016045571863,0.18346058021851394,0.5894295289549915,-0.3183085945463252,1.3896695745595928,-1.0961030797628217
-0.09439488113947274,-0.8890146595912795,-0.23085537597593905,0.5659657412484733,-0.8531797164157789,2.1967222759431597,1.8906565576044276,-1.0231146942284237
0.9634660500839133,1.1490050206715359,-1.0210360668348633,-1.109653641585994,1.0551862281746973,0.4676385524816388,0.0688857101686649,0.07171108878754615
0.41976099046072046,1.3394741496680609,0.2596016045571863,-0.7592295585779022,0.6883513057804157,0.3890438377788424,-0.38655700169027574,0.582629787528332
0.5852364433895183,0.6156914594812665,-0.8575504066571548,-0.8307950403189914,1.001603599060926,0.310449123076046,0.0688857101686649,0.07171108878754615
-1.8555264873102495,-1.1556714401864143,0.9680394653272563,1.6764645958515814,-1.4796843029767992,1.3321804142123992,-0.11329137457491135,0.947571715200322
-0.4194359493924684,-0.5271233144978824,-0.3943410361536475,0.05020071766614098,0.511116455634864,-0.7898768827631036,0.38769560846992335,-0.9501263086940257
0.6561544946447173,1.2823334109691034,-0.8575504066571548,-0.08305914488623198,-0.33796212878336096,-0.5540927386547144,-0.568734086433852,-0.07426568228124983
-1.217264026013458,-0.8128270079926696,-0.3943410361536475,0.22788053440263828,0.8243687489153741,-0.8684715974659,0.5243284220276055,-1.0961030797628217
0.15381829825372398,-0.7366393563940596,1.976201036423125,0.39568925020933016,-1.1252146026856957,0.8606121259956209,0.5698726932134996,1.093548486269118
-0.448985137415468,-1.0794837885878044,0.5865729249126032,0.837421016818122,-0.9356145304369659,-0.1611191651407324,1.4352138457454868,-1.0961030797628217
1.1230316654081112,0.8061605884777913,-0.9937884568052452,-0.7049385034639725,0.272055494973422,-0.08252445043793599,0.25106279491224115,0.801594944131526
2.70095830583629,2.0823037527545076,-1.4842454373383704,-2.002988275733383,0.9356557478439764,1.489369843617992,1.9817450999762156,1.531478799475506
-1.0872475987122596,-0.6033109660964923,-0.3670934261240294,0.190863905915868,0.6141599731613475,-0.08252445043793599,1.526302388117275,-1.0961030797628217
1.589908836171505,2.215632143052075,-0.0673697157982306,-0.8604083431084076,-0.4904665347225567,-0.1611191651407324,0.6154169643993938,0.801594944131526
-2.133288854726446,-1.4223282207815489,0.39583965470527666,1.7455623023602191,-1.3271798970376036,0.703422696590028,0.9342268627006521,1.1665368718035158
0.9575562124793133,0.4252223304847417,-0.6668171364498282,-0.3174977919691103,-0.28850124037064884,-0.2397138798435288,0.7975940491429699,1.02056010073472
-1.1758951627812584,-1.3651874820825916,-0.4215886461832656,1.5629469351588192,-1.417858192460909,-0.475498023951918,-0.29546845931848764,1.02056010073472
-0.7740262056684637,-1.3651874820825916,-0.7758075765683006,1.4543648249309598,-1.5538756355958674,0.3890438377788424,-0.15883564576080542,-1.0231146942284237
-1.3354607781054564,-0.6985455305947547,3.3113339278744105,0.4178992273013923,0.3009076798808374,-1.7330134591966604,-2.2083278491260385,-1.0961030797628217
-0.9217721457834618,-0.5461702273975348,-0.25810298600555714,0.14891172696419502,0.6100382324602882,0.07466497896765681,0.8886825915147581,-1.0961030797628217
0.4138511528561205,0.4252223304847417,-0.0673697157982306,-0.5642753152142455,0.49462949283062657,0.07466497896765681,0.11442998135455897,0.582629787528332
1.0284742637345123,2.0061161011558974,1.4040012258011454,-1.4699488255238913,1.0551862281746973,-0.003929735735139597,0.0688857101686649,0.582629787528332
-0.8981327953650621,-0.5842640531968398,0.31409682461642247,-0.3619177461532347,1.4549950761774537,-0.3183085945463252,-0.0677471033890173,-1.0961030797628217
1.6430973746129043,0.672832198180224,1.8944582063342708,-1.4452710731993779,0.5853077882539321,1.0178015554012136,1.571846659303169,1.02056010073472
0.21882651190432312,1.2251926722701458,-0.7213123565090644,-1.1071858663535428,1.3437080772488514,0.8606121259956209,0.5243284220276055,0.874583329665924
-0.5671818895074665,1.0156766303739686,-0.23085537597593905,0.738710007520068,-0.5234404603310314,-1.7330134591966604,-2.2083278491260385,-1.0231146942284237
-0.5080835134614673,-0.6985455305947547,0.5865729249126032,1.0101652830897165,-0.6883100883734052,-2.5189606062246246,-2.2083278491260385,-0.9501263086940257
1.4894415968933064,0.8633013271767488,-1.5932358774568427,-0.9640549028713643,0.6883513057804157,0.3890438377788424,-0.2043799169466995,-0.14725406781564782
-0.980870521829461,-0.9842492240895419,-1.1027788969237173,1.651786843527068,-1.5456321541937488,-0.7898768827631036,-0.6142783576197461,-1.0231146942284237
1.6844662378451036,1.2061457593704934,0.2596016045571863,-0.8752149945031157,0.03711627501303937,0.310449123076046,-0.38655700169027574,0.509641401993934
-0.9572311714110613,-1.0794837885878044,-0.3943410361536475,1.0299074849493275,-0.9479797525401439,1.4107751289151955,0.9342268627006521,1.2395252573379139
-0.7326573424362642,-1.1175776143871092,3.9925241786148624,1.133554044712284,-2.180380222156888,1.5679645583207884,0.4787841508417115,2.11538588375069
-0.058935855511873206,1.034723543273621,-0.4215886461832656,-0.862876118340859,1.0428210060715193,1.1749909848068065,0.7065055067711818,0.728606558597128
0.8689086484103145,0.5775976336819615,-0.31259820606479327,-0.722212930091132,0.46577730792321115,0.6248279818872317,0.0688857101686649,1.531478799475506
-0.6499196159718654,-0.5080764015982299,0.20510638449795016,-0.6136308198632725,1.661082111230421,-0.475498023951918,0.4787841508417115,-1.0961030797628217
-1.276362402059457,-0.6985455305947547,3.3113339278744105,0.7633877598445815,-0.23491861125687735,-1.7330134591966604,-2.663770560984979,-0.9501263086940257
0.7802610843413157,0.6537852852805714,-0.8303027966275367,-0.6925996273017158,0.4863860114285079,0.07466497896765681,0.02334143898277084,1.093548486269118
-0.5790015647166663,-0.4890294886985774,0.6955633650310755,-0.5124520353327671,1.372560262156267,-0.5540927386547144,0.43323987965581745,-1.0961030797628217
-0.6853786415994649,-0.8890146595912795,0.8590490252087839,1.0841985400632572,-1.22413637951112,-0.1611191651407324,0.9797711338865462,-0.9501263086940257
0.9752857252931131,1.3966148883670182,-0.31259820606479327,-0.8159883889242833,0.3957077160052023,0.6248279818872317,0.43323987965581745,0.36366463092513807
-0.8331245817144629,-0.7366393563940596,-0.6940647464794463,0.2574938371920545,0.4781425300263892,0.3890438377788424,0.8886825915147581,-1.0961030797628217
-1.1049771115260594,-0.5842640531968398,-0.25810298600555714,-0.01889698884249685,0.7872730826058401,-0.7898768827631036,-0.5231898152479579,-1.0231146942284237
1.1939497166633102,1.510896365764933,0.532077704853367,-1.2453812793708183,0.8490991931217302,0.1532596936704532,-0.0677471033890173,0.874583329665924
0.6738840074585171,0.7871136755781388,-0.04012210576861252,-0.8011817375295752,0.774907860502662,-0.2397138798435288,-0.02220283220312323,0.07171108878754615
-0.6144605903442658,-0.8890146595912795,-0.7485599665386825,0.21554165824038152,0.4863860114285079,-0.3969033092491216,0.38769560846992335,-1.0231146942284237
0.4020314776469207,0.6156914594812665,0.150611164438714,-0.7197451548586806,0.8120035268121961,0.4676385524816388,-0.24992418813259357,0.21768785985634212
1.3889743576151077,1.1680519335711885,1.2950107856826731,-1.5143687797080156,1.2035688934128337,0.1532596936704532,-0.3410127305043817,-0.0012772967468518404
0.1065395974169246,-0.16523196940448523,0.4230872647348948,0.2056705573105761,-0.7872318651988295,1.09639627010401,0.5698726932134996,0.582629787528332
-0.7208376672270644,-0.7747331821933646,-0.5033314762721198,0.11929842417477882,0.5729425661507541,-0.08252445043793599,1.1164039474442284,-1.0231146942284237
-0.13576374437167218,-0.33665418550135756,1.976201036423125,-0.12254354860545359,-0.21430990775158063,1.1749909848068065,0.29660706609813525,1.093548486269118
-0.7858458808776636,-0.9271084853905844,-0.23085537597593905,0.13410507556948692,0.7089600092857125,-0.9470663121686964,0.29660706609813525,-1.0231146942284237
-1.8673461625194492,-0.31760727260170507,3.03885782757823,1.0101652830897165,-0.2761360182674708,-2.5189606062246246,-2.663770560984979,-0.9501263086940257
1.282597280732309,1.0156766303739686,0.4230872647348948,-1.3786411419231914,1.0757949316799942,0.1532596936704532,-0.2043799169466995,0.509641401993934
2.092245032562498,2.17753831725277,-0.9120456267163909,-1.494626577848405,0.7089600092857125,-0.3969033092491216,0.43323987965581745,0.36366463092513807
0.9161873492471139,1.1490050206715359,-1.0755312868940994,-0.82832726508654,0.3503685682935495,1.5679645583207884,0.5243284220276055,2.11538588375069
-0.6853786415994649,-0.5080764015982299,0.8590490252087839,1.0101652830897165,-1.22413637951112,-0.1611191651407324,0.9797711338865462,-1.0231146942284237
0.6266053066217178,0.9585358916750112,-0.8030551865979186,-0.34217554429362385,-0.10302290882297832,0.1532596936704532,0.29660706609813525,1.2395252573379139
-0.21259163323147118,-1.460422046580854,-0.5033314762721198,1.133554044712284,-1.1829189725005265,-0.9470663121686964,-0.38655700169027574,-0.9501263086940257
-1.0399688978754602,0.25380011438786937,1.1315251255049648,0.7633877598445815,-0.3997882392992511,-1.7330134591966604,-1.7528851372670977,-1.0961030797628217
1.046203776548312,1.3394741496680609,-0.6123219163905921,-1.4156577704099615,1.6899342961378363,0.1532596936704532,0.0688857101686649,1.093548486269118
1.5544498105439055,1.4156618012666706,-1.266264557101426,-1.2527846050681724,0.9356557478439764,-0.1611191651407324,-0.11329137457491135,0.582629787528332
-0.5671818895074665,-0.6414047918957972,0.34134443464604053,0.03292629103898152,0.49875123353168593,-0.7112821680603072,0.7065055067711818,-1.0961030797628217
-1.8318871368918497,-1.6318442626777263,1.3222583957122913,1.2446039301725949,-0.7954753466009481,1.0178015554012136,0.29660706609813525,0.6556181730627301
-0.8922229577604621,-1.0794837885878044,-1.320759777160662,1.5900924627157842,-1.5332669320905707,-0.9470663121686964,-0.38655700169027574,-1.0961030797628217
0.07108057178932507,0.6918791110798764,-1.9202071978122597,-0.5124520353327671,1.0098470804630446,-0.08252445043793599,0.0688857101686649,-0.14725406781564782
1.7199252634727031,2.539429662346167,0.09611594437947785,-2.030133803290348,1.6198647042198275,-0.08252445043793599,-0.6142783576197461,0.2906762453907401
-1.9205347009608484,-1.4794689594805064,1.0770299054457286,1.5135914305097922,-1.2323798609132386,1.489369843617992,0.5243284220276055,2.0423974982162916
-0.6853786415994649,-0.6985455305947547,1.9489534263935069,0.837421016818122,-0.6058752743522183,-2.5189606062246246,-2.2083278491260385,-1.0961030797628217
-1.9205347009608484,-1.384234394982244,0.4775824847941309,1.9800009494430977,-1.764084411349894,-0.08252445043793599,0.2055185237263471,0.947571715200322
1.6194580241945045,1.187098846470841,0.45033487476451284,-1.3786411419231914,0.8697078966270269,0.310449123076046,-0.29546845931848764,0.874583329665924
-1.5954936327078528,-1.3270936562832865,0.31409682461642247,1.58268913701843,-1.47556256227574,1.4107751289151955,0.8886825915147581,1.3855020284067099
0.378392127228521,1.1490050206715359,-0.8847980166867728,-0.9640549028713643,1.1376210421958843,0.703422696590028,0.7975940491429699,0.6556181730627301
0.8984578364333141,0.9394889787753586,-1.1845217270125716,-0.7468906824156455,0.5523338626454574,1.2535856995096029,-0.24992418813259357,1.093548486269118
-0.8567639321328626,-0.35570109840101005,-0.2853505960351752,0.17852502975361123,0.8490991931217302,-0.3183085945463252,1.3441253033736988,-0.9501263086940257
-0.7740262056684637,-1.3651874820825916,-0.6395695264202101,1.6147702150402976,-1.5538756355958674,-0.5540927386547144,-1.7528851372670977,-1.0231146942284237
1.3948841952197075,1.739459320560763,-0.3943410361536475,-1.4477388484318292,1.0757949316799942,-0.2397138798435288,-0.24992418813259357,0.509641401993934
-0.8035753936914634,-0.12713814360518025,1.4040012258011454,0.7880655121690949,-0.8531797164157789,-1.7330134591966604,-2.2083278491260385,-1.0231146942284237
0.21882651190432312,1.0537704561732735,-0.5305790863017379,-0.8530050174110535,0.8820731187302049,0.8606121259956209,0.7065055067711818,0.509641401993934
-0.8272147441098631,-0.8128270079926696,-0.4760838662425017,0.2574938371920545,0.4698990486242705,-0.1611191651407324,0.5698726932134996,-1.0231146942284237
-0.3307883853234696,-0.8890146595912795,0.5865729249126032,1.3803315679574193,-1.6363104496170544,-1.7330134591966604,-1.2974424254081571,-1.0231146942284237
-0.7444770176454641,-1.0794837885878044,0.31409682461642247,1.2569428063348518,-1.2653537865217135,-0.9470663121686964,0.5243284220276055,-0.9501263086940257
0.3488429392055214,-0.33665418550135756,0.45033487476451284,-0.14228575046506442,-0.3049882031748862,0.8606121259956209,0.15997425254045303,1.604467185009904
0.7861709219459156,1.0156766303739686,-1.2935121671310439,-0.7666328842752562,0.630646935965585,0.5462332671844352,-0.6142783576197461,0.582629787528332
-0.2480506588590707,0.15856554988960697,0.9407918552976382,-0.08305914488623198,-0.362692572989717,0.9392068406984172,1.6629352016749572,1.8234323416130978
-0.909952470574262,-1.2699529175843292,0.2868492145868044,1.0718596639010003,-1.1046058991803989,1.09639627010401,1.1164039474442284,1.2395252573379139
1.1171218278035113,1.3585210625677133,-0.966540846775627,-0.687664076836813,0.2638120135713033,-0.08252445043793599,-0.29546845931848764,0.07171108878754615
-0.5671818895074665,-1.460422046580854,-0.7758075765683006,1.6764645958515814,-1.6363104496170544,-1.7330134591966604,-1.7528851372670977,-1.0961030797628217
0.5379577425527189,0.04428407249169207,0.504830094823749,-0.7074062786964238,0.7419339348941872,0.4676385524816388,-0.11329137457491135,0.4366530164595361
1.1939497166633102,1.4728025399656282,-1.0755312868940994,-0.5025809344029617,-0.2761360182674708,0.07466497896765681,0.2055185237263471,0.801594944131526
-0.8626737697374626,-1.2699529175843292,-1.0482836768644812,1.5777535865535273,-1.5538756355958674,-0.3183085945463252,-0.5231898152479579,-1.0231146942284237
-1.3354607781054564,-0.6985455305947547,3.3113339278744105,0.738710007520068,-0.1937012042462839,-1.7330134591966604,-2.663770560984979,-0.9501263086940257
2.3759172375832946,2.387054359148947,-0.3670934261240294,-1.8277762342293373,0.9150470443386797,0.5462332671844352,-0.24992418813259357,0.947571715200322
-1.276362402059457,-0.6985455305947547,0.8590490252087839,0.7633877598445815,0.13603805183846363,-2.5189606062246246,-2.663770560984979,-0.9501263086940257
2.269540160700496,2.4441950978479046,-1.7022263175753152,-1.6846452707471589,0.9686296734524511,-0.2397138798435288,0.15997425254045303,0.801594944131526
-0.750386855250064,-0.908061572490932,2.0851914765415973,0.654805649616722,-0.8820319013231944,1.0178015554012136,0.25106279491224115,1.458490413941108
-0.8626737697374626,-0.8890146595912795,0.31409682461642247,1.2569428063348518,-0.8943971234263725,-1.7330134591966604,-2.663770560984979,-1.0231146942284237
-0.9513213338064613,-0.6794986176951022,-0.7758075765683006,0.24515496102979772,0.53584689984122,0.310449123076046,0.9797711338865462,-1.0961030797628217
0.4138511528561205,0.00619024669238711,0.5865729249126032,-0.13981797523261305,-0.4451273870109039,1.1749909848068065,0.43323987965581745,0.582629787528332
