dataset,beta,shots,qfs_n,k_budget,elapsed_seconds,dist_ratio_rydberg,cost_f,count,bitstring,selected_features,density__feat_241,density__feat_43,density__feat_311,density__feat_154,density__feat_139,density__feat_31,density__feat_205,density__feat_147,density__feat_368,density__feat_459,density__feat_30,density__feat_346,density__feat_211,density__feat_486,density__feat_295,density__feat_66,density__feat_431,density__feat_75,density__feat_85,density__feat_42
madelon,0.8,10000,20,10,189.26257860753685,0.7071067811865475,0.6533618433172801,1,10000001000100100000,feat_241|feat_147|feat_346|feat_295,1.0,0.867,0.122,0.383,0.029,0.045,0.137,0.527,0.04,0.008,0.02,0.68,0.206,0.011,0.92,0.008,0.009,0.0,0.588,0.563
madelon,0.8,10000,20,10,189.26257860753685,0.7071067811865475,1.235485896856899,4,10000000000100100011,feat_241|feat_346|feat_295|feat_85|feat_42,1.0,0.867,0.122,0.383,0.029,0.045,0.137,0.527,0.04,0.008,0.02,0.68,0.206,0.011,0.92,0.008,0.009,0.0,0.588,0.563
madelon,0.8,10000,20,10,189.26257860753685,0.7071067811865475,1.2902789269958457,1,11000001000100100000,feat_241|feat_43|feat_147|feat_346|feat_295,1.0,0.867,0.122,0.383,0.029,0.045,0.137,0.527,0.04,0.008,0.02,0.68,0.206,0.011,0.92,0.008,0.009,0.0,0.588,0.563
madelon,0.8,10000,20,10,189.26257860753685,0.7071067811865475,1.3057447925090713,1,10100000000000100011,feat_241|feat_311|feat_295|feat_85|feat_42,1.0,0.867,0.122,0.383,0.029,0.045,0.137,0.527,0.04,0.008,0.02,0.68,0.206,0.011,0.92,0.008,0.009,0.0,0.588,0.563
madelon,0.8,10000,20,10,189.26257860753685,0.7071067811865475,1.3062314801271961,1,11010000000000000001,feat_241|feat_43|feat_154|feat_42,1.0,0.867,0.122,0.383,0.029,0.045,0.137,0.527,0.04,0.008,0.02,0.68,0.206,0.011,0.92,0.008,0.009,0.0,0.588,0.563
madelon,0.8,10000,20,10,189.26257860753685,0.7071067811865475,1.307007027640303,6,11000000000100100010,feat_241|feat_43|feat_346|feat_295|feat_85,1.0,0.867,0.122,0.383,0.029,0.045,0.137,0.527,0.04,0.008,0.02,0.68,0.206,0.011,0.92,0.008,0.009,0.0,0.588,0.563
madelon,0.8,10000,20,10,189.26257860753685,0.7071067811865475,1.3101366865785695,2,11000000000000100011,feat_241|feat_43|feat_295|feat_85|feat_42,1.0,0.867,0.122,0.383,0.029,0.045,0.137,0.527,0.04,0.008,0.02,0.68,0.206,0.011,0.92,0.008,0.009,0.0,0.588,0.563
madelon,0.8,10000,20,10,189.26257860753685,0.7071067811865475,1.3118588240317188,1,11000001000100000001,feat_241|feat_43|feat_147|feat_346|feat_42,1.0,0.867,0.122,0.383,0.029,0.045,0.137,0.527,0.04,0.008,0.02,0.68,0.206,0.011,0.92,0.008,0.009,0.0,0.588,0.563
madelon,0.8,10000,20,10,189.26257860753685,0.7071067811865475,1.3389351856435956,2,11000001000010100000,feat_241|feat_43|feat_147|feat_211|feat_295,1.0,0.867,0.122,0.383,0.029,0.045,0.137,0.527,0.04,0.008,0.02,0.68,0.206,0.011,0.92,0.008,0.009,0.0,0.588,0.563
madelon,0.8,10000,20,10,189.26257860753685,0.7071067811865475,1.3497390182406983,2,10010001000000100000,feat_241|feat_154|feat_147|feat_295,1.0,0.867,0.122,0.383,0.029,0.045,0.137,0.527,0.04,0.008,0.02,0.68,0.206,0.011,0.92,0.008,0.009,0.0,0.588,0.563
madelon,0.8,10000,20,10,189.26257860753685,0.7071067811865475,1.360618835915278,2,11100001000000100000,feat_241|feat_43|feat_311|feat_147|feat_295,1.0,0.867,0.122,0.383,0.029,0.045,0.137,0.527,0.04,0.008,0.02,0.68,0.206,0.011,0.92,0.008,0.009,0.0,0.588,0.563
madelon,0.8,10000,20,10,189.26257860753685,0.7071067811865475,1.3780132147046067,2,11000001000000100010,feat_241|feat_43|feat_147|feat_295|feat_85,1.0,0.867,0.122,0.383,0.029,0.045,0.137,0.527,0.04,0.008,0.02,0.68,0.206,0.011,0.92,0.008,0.009,0.0,0.588,0.563
madelon,0.8,10000,20,10,189.26257860753685,0.7071067811865475,1.3801893462530042,1,10000001000110100000,feat_241|feat_147|feat_346|feat_211|feat_295,1.0,0.867,0.122,0.383,0.029,0.045,0.137,0.527,0.04,0.008,0.02,0.68,0.206,0.011,0.92,0.008,0.009,0.0,0.588,0.563
madelon,0.8,10000,20,10,189.26257860753685,0.7071067811865475,1.3857090566471808,1,11000001000010000001,feat_241|feat_43|feat_147|feat_211|feat_42,1.0,0.867,0.122,0.383,0.029,0.045,0.137,0.527,0.04,0.008,0.02,0.68,0.206,0.011,0.92,0.008,0.009,0.0,0.588,0.563
madelon,0.8,10000,20,10,189.26257860753685,0.7071067811865475,1.448801434269282,1,11000010000000100000,feat_241|feat_43|feat_205|feat_295,1.0,0.867,0.122,0.383,0.029,0.045,0.137,0.527,0.04,0.008,0.02,0.68,0.206,0.011,0.92,0.008,0.009,0.0,0.588,0.563
madelon,0.8,10000,20,10,189.26257860753685,0.7071067811865475,1.5025116509944052,1,11000001100100000000,feat_241|feat_43|feat_147|feat_368|feat_346,1.0,0.867,0.122,0.383,0.029,0.045,0.137,0.527,0.04,0.008,0.02,0.68,0.206,0.011,0.92,0.008,0.009,0.0,0.588,0.563
madelon,0.8,10000,20,10,189.26257860753685,0.7071067811865475,1.5133427300395168,1,11000000100000100010,feat_241|feat_43|feat_368|feat_295|feat_85,1.0,0.867,0.122,0.383,0.029,0.045,0.137,0.527,0.04,0.008,0.02,0.68,0.206,0.011,0.92,0.008,0.009,0.0,0.588,0.563
madelon,0.8,10000,20,10,189.26257860753685,0.7071067811865475,1.5196650311975586,1,10100001000000100001,feat_241|feat_311|feat_147|feat_295|feat_42,1.0,0.867,0.122,0.383,0.029,0.045,0.137,0.527,0.04,0.008,0.02,0.68,0.206,0.011,0.92,0.008,0.009,0.0,0.588,0.563
madelon,0.8,10000,20,10,189.26257860753685,0.7071067811865475,1.537363269776052,1,10000001000100100010,feat_241|feat_147|feat_346|feat_295|feat_85,1.0,0.867,0.122,0.383,0.029,0.045,0.137,0.527,0.04,0.008,0.02,0.68,0.206,0.011,0.92,0.008,0.009,0.0,0.588,0.563
madelon,0.8,10000,20,10,189.26257860753685,0.7071067811865475,1.5762410174213268,1,11000001100000000010,feat_241|feat_43|feat_147|feat_368|feat_85,1.0,0.867,0.122,0.383,0.029,0.045,0.137,0.527,0.04,0.008,0.02,0.68,0.206,0.011,0.92,0.008,0.009,0.0,0.588,0.563
madelon,0.8,10000,20,10,189.26257860753685,0.7071067811865475,1.6078722725133314,1,11000001100000100000,feat_241|feat_43|feat_147|feat_368|feat_295,1.0,0.867,0.122,0.383,0.029,0.045,0.137,0.527,0.04,0.008,0.02,0.68,0.206,0.011,0.92,0.008,0.009,0.0,0.588,0.563
madelon,0.8,10000,20,10,189.26257860753685,0.7071067811865475,1.7389966451477976,1,10100001100000100000,feat_241|feat_311|feat_147|feat_368|feat_295,1.0,0.867,0.122,0.383,0.029,0.045,0.137,0.527,0.04,0.008,0.02,0.68,0.206,0.011,0.92,0.008,0.009,0.0,0.588,0.563
madelon,0.8,10000,20,10,189.26257860753685,0.7071067811865475,2.125442307211835,1,10000001000011100001,feat_241|feat_147|feat_211|feat_486|feat_295|feat_42,1.0,0.867,0.122,0.383,0.029,0.045,0.137,0.527,0.04,0.008,0.02,0.68,0.206,0.011,0.92,0.008,0.009,0.0,0.588,0.563
madelon,0.8,10000,20,10,189.26257860753685,0.7071067811865475,2.134591312528943,1,11110000000000100000,feat_241|feat_43|feat_311|feat_154|feat_295,1.0,0.867,0.122,0.383,0.029,0.045,0.137,0.527,0.04,0.008,0.02,0.68,0.206,0.011,0.92,0.008,0.009,0.0,0.588,0.563
madelon,0.8,10000,20,10,189.26257860753685,0.7071067811865475,2.175708472086915,5,10000001000110100001,feat_241|feat_147|feat_346|feat_211|feat_295|feat_42,1.0,0.867,0.122,0.383,0.029,0.045,0.137,0.527,0.04,0.008,0.02,0.68,0.206,0.011,0.92,0.008,0.009,0.0,0.588,0.563
madelon,0.8,10000,20,10,189.26257860753685,0.7071067811865475,2.213067518734971,1,10000000000101100011,feat_241|feat_346|feat_486|feat_295|feat_85|feat_42,1.0,0.867,0.122,0.383,0.029,0.045,0.137,0.527,0.04,0.008,0.02,0.68,0.206,0.011,0.92,0.008,0.009,0.0,0.588,0.563
madelon,0.8,10000,20,10,189.26257860753685,0.7071067811865475,2.2276011240770046,1,11000100000100100010,feat_241|feat_43|feat_31|feat_346|feat_295|feat_85,1.0,0.867,0.122,0.383,0.029,0.045,0.137,0.527,0.04,0.008,0.02,0.68,0.206,0.011,0.92,0.008,0.009,0.0,0.588,0.563
madelon,0.8,10000,20,10,189.26257860753685,0.7071067811865475,2.2340948639617473,2,10000100000100100011,feat_241|feat_31|feat_346|feat_295|feat_85|feat_42,1.0,0.867,0.122,0.383,0.029,0.045,0.137,0.527,0.04,0.008,0.02,0.68,0.206,0.011,0.92,0.008,0.009,0.0,0.588,0.563
madelon,0.8,10000,20,10,189.26257860753685,0.7071067811865475,2.237730268402208,3,11000000000110100001,feat_241|feat_43|feat_346|feat_211|feat_295|feat_42,1.0,0.867,0.122,0.383,0.029,0.045,0.137,0.527,0.04,0.008,0.02,0.68,0.206,0.011,0.92,0.008,0.009,0.0,0.588,0.563
madelon,0.8,10000,20,10,189.26257860753685,0.7071067811865475,2.240147263121969,1,10000001000001100011,feat_241|feat_147|feat_486|feat_295|feat_85|feat_42,1.0,0.867,0.122,0.383,0.029,0.045,0.137,0.527,0.04,0.008,0.02,0.68,0.206,0.011,0.92,0.008,0.009,0.0,0.588,0.563
madelon,0.8,10000,20,10,189.26257860753685,0.7071067811865475,2.2522837365174655,1,11000001000110000001,feat_241|feat_43|feat_147|feat_346|feat_211|feat_42,1.0,0.867,0.122,0.383,0.029,0.045,0.137,0.527,0.04,0.008,0.02,0.68,0.206,0.011,0.92,0.008,0.009,0.0,0.588,0.563
madelon,0.8,10000,20,10,189.26257860753685,0.7071067811865475,2.261708362186953,1,10010000000000100011,feat_241|feat_154|feat_295|feat_85|feat_42,1.0,0.867,0.122,0.383,0.029,0.045,0.137,0.527,0.04,0.008,0.02,0.68,0.206,0.011,0.92,0.008,0.009,0.0,0.588,0.563
madelon,0.8,10000,20,10,189.26257860753685,0.7071067811865475,2.264144261154496,35,11000000000100100011,feat_241|feat_43|feat_346|feat_295|feat_85|feat_42,1.0,0.867,0.122,0.383,0.029,0.045,0.137,0.527,0.04,0.008,0.02,0.68,0.206,0.011,0.92,0.008,0.009,0.0,0.588,0.563
madelon,0.8,10000,20,10,189.26257860753685,0.7071067811865475,2.2705760415063097,1,10000001000110110000,feat_241|feat_147|feat_346|feat_211|feat_295|feat_66,1.0,0.867,0.122,0.383,0.029,0.045,0.137,0.527,0.04,0.008,0.02,0.68,0.206,0.011,0.92,0.008,0.009,0.0,0.588,0.563
madelon,0.8,10000,20,10,189.26257860753685,0.7071067811865475,2.2881366993773202,4,11010001000000100000,feat_241|feat_43|feat_154|feat_147|feat_295,1.0,0.867,0.122,0.383,0.029,0.045,0.137,0.527,0.04,0.008,0.02,0.68,0.206,0.011,0.92,0.008,0.009,0.0,0.588,0.563
madelon,0.8,10000,20,10,189.26257860753685,0.7071067811865475,2.3051911215869905,18,11000001000100100001,feat_241|feat_43|feat_147|feat_346|feat_295|feat_42,1.0,0.867,0.122,0.383,0.029,0.045,0.137,0.527,0.04,0.008,0.02,0.68,0.206,0.011,0.92,0.008,0.009,0.0,0.588,0.563
madelon,0.8,10000,20,10,189.26257860753685,0.7071067811865475,2.306054895409274,1,11010000000100100000,feat_241|feat_43|feat_154|feat_346|feat_295,1.0,0.867,0.122,0.383,0.029,0.045,0.137,0.527,0.04,0.008,0.02,0.68,0.206,0.011,0.92,0.008,0.009,0.0,0.588,0.563
madelon,0.8,10000,20,10,189.26257860753685,0.7071067811865475,2.3204274181985496,1,11000001000110001000,feat_241|feat_43|feat_147|feat_346|feat_211|feat_431,1.0,0.867,0.122,0.383,0.029,0.045,0.137,0.527,0.04,0.008,0.02,0.68,0.206,0.011,0.92,0.008,0.009,0.0,0.588,0.563
madelon,0.8,10000,20,10,189.26257860753685,0.7071067811865475,2.3220457042659346,8,11010000000000100010,feat_241|feat_43|feat_154|feat_295|feat_85,1.0,0.867,0.122,0.383,0.029,0.045,0.137,0.527,0.04,0.008,0.02,0.68,0.206,0.011,0.92,0.008,0.009,0.0,0.588,0.563
madelon,0.8,10000,20,10,189.26257860753685,0.7071067811865475,2.3281102307784605,2,10110000000000100010,feat_241|feat_311|feat_154|feat_295|feat_85,1.0,0.867,0.122,0.383,0.029,0.045,0.137,0.527,0.04,0.008,0.02,0.68,0.206,0.011,0.92,0.008,0.009,0.0,0.588,0.563
madelon,0.8,10000,20,10,189.26257860753685,0.7071067811865475,2.328111346564336,7,11000001000110100000,feat_241|feat_43|feat_147|feat_346|feat_211|feat_295,1.0,0.867,0.122,0.383,0.029,0.045,0.137,0.527,0.04,0.008,0.02,0.68,0.206,0.011,0.92,0.008,0.009,0.0,0.588,0.563
madelon,0.8,10000,20,10,189.26257860753685,0.7071067811865475,2.3283846403795048,3,10000101000100100001,feat_241|feat_31|feat_147|feat_346|feat_295|feat_42,1.0,0.867,0.122,0.383,0.029,0.045,0.137,0.527,0.04,0.008,0.02,0.68,0.206,0.011,0.92,0.008,0.009,0.0,0.588,0.563
madelon,0.8,10000,20,10,189.26257860753685,0.7071067811865475,2.337651680186026,2,10010001000000100001,feat_241|feat_154|feat_147|feat_295|feat_42,1.0,0.867,0.122,0.383,0.029,0.045,0.137,0.527,0.04,0.008,0.02,0.68,0.206,0.011,0.92,0.008,0.009,0.0,0.588,0.563
madelon,0.8,10000,20,10,189.26257860753685,0.7071067811865475,2.342496454768858,1,11000001000100000011,feat_241|feat_43|feat_147|feat_346|feat_85|feat_42,1.0,0.867,0.122,0.383,0.029,0.045,0.137,0.527,0.04,0.008,0.02,0.68,0.206,0.011,0.92,0.008,0.009,0.0,0.588,0.563
madelon,0.8,10000,20,10,189.26257860753685,0.7071067811865475,2.344747315710737,1,10000001000100100011,feat_241|feat_147|feat_346|feat_295|feat_85|feat_42,1.0,0.867,0.122,0.383,0.029,0.045,0.137,0.527,0.04,0.008,0.02,0.68,0.206,0.011,0.92,0.008,0.009,0.0,0.588,0.563
madelon,0.8,10000,20,10,189.26257860753685,0.7071067811865475,2.3447892507919508,7,11000001000010100001,feat_241|feat_43|feat_147|feat_211|feat_295|feat_42,1.0,0.867,0.122,0.383,0.029,0.045,0.137,0.527,0.04,0.008,0.02,0.68,0.206,0.011,0.92,0.008,0.009,0.0,0.588,0.563
madelon,0.8,10000,20,10,189.26257860753685,0.7071067811865475,2.3485359062502145,1,10010000000100100001,feat_241|feat_154|feat_346|feat_295|feat_42,1.0,0.867,0.122,0.383,0.029,0.045,0.137,0.527,0.04,0.008,0.02,0.68,0.206,0.011,0.92,0.008,0.009,0.0,0.588,0.563
madelon,0.8,10000,20,10,189.26257860753685,0.7071067811865475,2.3500111677457673,1,11010001000000000001,feat_241|feat_43|feat_154|feat_147|feat_42,1.0,0.867,0.122,0.383,0.029,0.045,0.137,0.527,0.04,0.008,0.02,0.68,0.206,0.011,0.92,0.008,0.009,0.0,0.588,0.563
madelon,0.8,10000,20,10,189.26257860753685,0.7071067811865475,2.360969507938717,1,10000101000000100011,feat_241|feat_31|feat_147|feat_295|feat_85|feat_42,1.0,0.867,0.122,0.383,0.029,0.045,0.137,0.527,0.04,0.008,0.02,0.68,0.206,0.011,0.92,0.008,0.009,0.0,0.588,0.563
madelon,0.8,10000,20,10,189.26257860753685,0.7071067811865475,2.3683409927962185,1,11100000000010100010,feat_241|feat_43|feat_311|feat_211|feat_295|feat_85,1.0,0.867,0.122,0.383,0.029,0.045,0.137,0.527,0.04,0.008,0.02,0.68,0.206,0.011,0.92,0.008,0.009,0.0,0.588,0.563
madelon,0.8,10000,20,10,189.26257860753685,0.7071067811865475,2.385481677320212,1,11000000000110100010,feat_241|feat_43|feat_346|feat_211|feat_295|feat_85,1.0,0.867,0.122,0.383,0.029,0.045,0.137,0.527,0.04,0.008,0.02,0.68,0.206,0.011,0.92,0.008,0.009,0.0,0.588,0.563
madelon,0.8,10000,20,10,189.26257860753685,0.7071067811865475,2.385986358134965,11,11100000000000100011,feat_241|feat_43|feat_311|feat_295|feat_85|feat_42,1.0,0.867,0.122,0.383,0.029,0.045,0.137,0.527,0.04,0.008,0.02,0.68,0.206,0.011,0.92,0.008,0.009,0.0,0.588,0.563
madelon,0.8,10000,20,10,189.26257860753685,0.7071067811865475,2.3885396857407626,2,10000001000100110010,feat_241|feat_147|feat_346|feat_295|feat_66|feat_85,1.0,0.867,0.122,0.383,0.029,0.045,0.137,0.527,0.04,0.008,0.02,0.68,0.206,0.011,0.92,0.008,0.009,0.0,0.588,0.563
madelon,0.8,10000,20,10,189.26257860753685,0.7071067811865475,2.390694011660367,2,11000000010000100011,feat_241|feat_43|feat_459|feat_295|feat_85|feat_42,1.0,0.867,0.122,0.383,0.029,0.045,0.137,0.527,0.04,0.008,0.02,0.68,0.206,0.011,0.92,0.008,0.009,0.0,0.588,0.563
madelon,0.8,10000,20,10,189.26257860753685,0.7071067811865475,2.3957321999537364,4,11000001000000100011,feat_241|feat_43|feat_147|feat_295|feat_85|feat_42,1.0,0.867,0.122,0.383,0.029,0.045,0.137,0.527,0.04,0.008,0.02,0.68,0.206,0.011,0.92,0.008,0.009,0.0,0.588,0.563
madelon,0.8,10000,20,10,189.26257860753685,0.7071067811865475,2.3999026977048614,1,11000101100100000000,feat_241|feat_43|feat_31|feat_147|feat_368|feat_346,1.0,0.867,0.122,0.383,0.029,0.045,0.137,0.527,0.04,0.008,0.02,0.68,0.206,0.011,0.92,0.008,0.009,0.0,0.588,0.563
madelon,0.8,10000,20,10,189.26257860753685,0.7071067811865475,2.400078807186176,1,10100001000010100001,feat_241|feat_311|feat_147|feat_211|feat_295|feat_42,1.0,0.867,0.122,0.383,0.029,0.045,0.137,0.527,0.04,0.008,0.02,0.68,0.206,0.011,0.92,0.008,0.009,0.0,0.588,0.563
madelon,0.8,10000,20,10,189.26257860753685,0.7071067811865475,2.402508491233875,2,11100000000010100001,feat_241|feat_43|feat_311|feat_211|feat_295|feat_42,1.0,0.867,0.122,0.383,0.029,0.045,0.137,0.527,0.04,0.008,0.02,0.68,0.206,0.011,0.92,0.008,0.009,0.0,0.588,0.563
madelon,0.8,10000,20,10,189.26257860753685,0.7071067811865475,2.406169588058502,10,11000001000100100010,feat_241|feat_43|feat_147|feat_346|feat_295|feat_85,1.0,0.867,0.122,0.383,0.029,0.045,0.137,0.527,0.04,0.008,0.02,0.68,0.206,0.011,0.92,0.008,0.009,0.0,0.588,0.563
madelon,0.8,10000,20,10,189.26257860753685,0.7071067811865475,2.4298532756940325,1,10110001000000100000,feat_241|feat_311|feat_154|feat_147|feat_295,1.0,0.867,0.122,0.383,0.029,0.045,0.137,0.527,0.04,0.008,0.02,0.68,0.206,0.011,0.92,0.008,0.009,0.0,0.588,0.563
madelon,0.8,10000,20,10,189.26257860753685,0.7071067811865475,2.4317666784856002,4,11100001000010100000,feat_241|feat_43|feat_311|feat_147|feat_211|feat_295,1.0,0.867,0.122,0.383,0.029,0.045,0.137,0.527,0.04,0.008,0.02,0.68,0.206,0.011,0.92,0.008,0.009,0.0,0.588,0.563
madelon,0.8,10000,20,10,189.26257860753685,0.7071067811865475,2.447394111718567,1,10000100001000110010,feat_241|feat_31|feat_30|feat_295|feat_66|feat_85,1.0,0.867,0.122,0.383,0.029,0.045,0.137,0.527,0.04,0.008,0.02,0.68,0.206,0.011,0.92,0.008,0.009,0.0,0.588,0.563
madelon,0.8,10000,20,10,189.26257860753685,0.7071067811865475,2.452647814407337,1,11000001010010100000,feat_241|feat_43|feat_147|feat_459|feat_211|feat_295,1.0,0.867,0.122,0.383,0.029,0.045,0.137,0.527,0.04,0.008,0.02,0.68,0.206,0.011,0.92,0.008,0.009,0.0,0.588,0.563
madelon,0.8,10000,20,10,189.26257860753685,0.7071067811865475,2.4543988315638696,1,10001000000110100001,feat_241|feat_139|feat_346|feat_211|feat_295|feat_42,1.0,0.867,0.122,0.383,0.029,0.045,0.137,0.527,0.04,0.008,0.02,0.68,0.206,0.011,0.92,0.008,0.009,0.0,0.588,0.563
madelon,0.8,10000,20,10,189.26257860753685,0.7071067811865475,2.4569456951479096,3,11001000000000100011,feat_241|feat_43|feat_139|feat_295|feat_85|feat_42,1.0,0.867,0.122,0.383,0.029,0.045,0.137,0.527,0.04,0.008,0.02,0.68,0.206,0.011,0.92,0.008,0.009,0.0,0.588,0.563
madelon,0.8,10000,20,10,189.26257860753685,0.7071067811865475,2.4641892120097886,2,11000010000100000010,feat_241|feat_43|feat_205|feat_346|feat_85,1.0,0.867,0.122,0.383,0.029,0.045,0.137,0.527,0.04,0.008,0.02,0.68,0.206,0.011,0.92,0.008,0.009,0.0,0.588,0.563
madelon,0.8,10000,20,10,189.26257860753685,0.7071067811865475,2.4668887941285678,5,11100001000000100010,feat_241|feat_43|feat_311|feat_147|feat_295|feat_85,1.0,0.867,0.122,0.383,0.029,0.045,0.137,0.527,0.04,0.008,0.02,0.68,0.206,0.011,0.92,0.008,0.009,0.0,0.588,0.563
madelon,0.8,10000,20,10,189.26257860753685,0.7071067811865475,2.4698719777370877,1,11000000010100100010,feat_241|feat_43|feat_459|feat_346|feat_295|feat_85,1.0,0.867,0.122,0.383,0.029,0.045,0.137,0.527,0.04,0.008,0.02,0.68,0.206,0.011,0.92,0.008,0.009,0.0,0.588,0.563
madelon,0.8,10000,20,10,189.26257860753685,0.7071067811865475,2.4796187707122694,1,11001000000010100001,feat_241|feat_43|feat_139|feat_211|feat_295|feat_42,1.0,0.867,0.122,0.383,0.029,0.045,0.137,0.527,0.04,0.008,0.02,0.68,0.206,0.011,0.92,0.008,0.009,0.0,0.588,0.563
madelon,0.8,10000,20,10,189.26257860753685,0.7071067811865475,2.4808375083622245,1,11000011000100000000,feat_241|feat_43|feat_205|feat_147|feat_346,1.0,0.867,0.122,0.383,0.029,0.045,0.137,0.527,0.04,0.008,0.02,0.68,0.206,0.011,0.92,0.008,0.009,0.0,0.588,0.563
madelon,0.8,10000,20,10,189.26257860753685,0.7071067811865475,2.4826536990495214,1,10000010000010100001,feat_241|feat_205|feat_211|feat_295|feat_42,1.0,0.867,0.122,0.383,0.029,0.045,0.137,0.527,0.04,0.008,0.02,0.68,0.206,0.011,0.92,0.008,0.009,0.0,0.588,0.563
madelon,0.8,10000,20,10,189.26257860753685,0.7071067811865475,2.485687194141968,1,10000010000000100011,feat_241|feat_205|feat_295|feat_85|feat_42,1.0,0.867,0.122,0.383,0.029,0.045,0.137,0.527,0.04,0.008,0.02,0.68,0.206,0.011,0.92,0.008,0.009,0.0,0.588,0.563
madelon,0.8,10000,20,10,189.26257860753685,0.7071067811865475,2.486097327656403,1,10000101000100100010,feat_241|feat_31|feat_147|feat_346|feat_295|feat_85,1.0,0.867,0.122,0.383,0.029,0.045,0.137,0.527,0.04,0.008,0.02,0.68,0.206,0.011,0.92,0.008,0.009,0.0,0.588,0.563
madelon,0.8,10000,20,10,189.26257860753685,0.7071067811865475,2.4877117739862316,6,11000010000000100010,feat_241|feat_43|feat_205|feat_295|feat_85,1.0,0.867,0.122,0.383,0.029,0.045,0.137,0.527,0.04,0.008,0.02,0.68,0.206,0.011,0.92,0.008,0.009,0.0,0.588,0.563
madelon,0.8,10000,20,10,189.26257860753685,0.7071067811865475,2.4936518529301663,1,10010001000000110000,feat_241|feat_154|feat_147|feat_295|feat_66,1.0,0.867,0.122,0.383,0.029,0.045,0.137,0.527,0.04,0.008,0.02,0.68,0.206,0.011,0.92,0.008,0.009,0.0,0.588,0.563
madelon,0.8,10000,20,10,189.26257860753685,0.7071067811865475,2.503615364890632,2,11000000001000100011,feat_241|feat_43|feat_30|feat_295|feat_85|feat_42,1.0,0.867,0.122,0.383,0.029,0.045,0.137,0.527,0.04,0.008,0.02,0.68,0.206,0.011,0.92,0.008,0.009,0.0,0.588,0.563
madelon,0.8,10000,20,10,189.26257860753685,0.7071067811865475,2.5187450084671172,1,11000001001000100010,feat_241|feat_43|feat_147|feat_30|feat_295|feat_85,1.0,0.867,0.122,0.383,0.029,0.045,0.137,0.527,0.04,0.008,0.02,0.68,0.206,0.011,0.92,0.008,0.009,0.0,0.588,0.563
madelon,0.8,10000,20,10,189.26257860753685,0.7071067811865475,2.5243568297787307,1,10000010100000100010,feat_241|feat_205|feat_368|feat_295|feat_85,1.0,0.867,0.122,0.383,0.029,0.045,0.137,0.527,0.04,0.008,0.02,0.68,0.206,0.011,0.92,0.008,0.009,0.0,0.588,0.563
madelon,0.8,10000,20,10,189.26257860753685,0.7071067811865475,2.5261815249588,5,10100001000000100011,feat_241|feat_311|feat_147|feat_295|feat_85|feat_42,1.0,0.867,0.122,0.383,0.029,0.045,0.137,0.527,0.04,0.008,0.02,0.68,0.206,0.011,0.92,0.008,0.009,0.0,0.588,0.563
madelon,0.8,10000,20,10,189.26257860753685,0.7071067811865475,2.5417247463067696,3,10010001000100100000,feat_241|feat_154|feat_147|feat_346|feat_295,1.0,0.867,0.122,0.383,0.029,0.045,0.137,0.527,0.04,0.008,0.02,0.68,0.206,0.011,0.92,0.008,0.009,0.0,0.588,0.563
madelon,0.8,10000,20,10,189.26257860753685,0.7071067811865475,2.54523759349521,7,11000000100100100010,feat_241|feat_43|feat_368|feat_346|feat_295|feat_85,1.0,0.867,0.122,0.383,0.029,0.045,0.137,0.527,0.04,0.008,0.02,0.68,0.206,0.011,0.92,0.008,0.009,0.0,0.588,0.563
madelon,0.8,10000,20,10,189.26257860753685,0.7071067811865475,2.5461446495216116,1,11001000000110100000,feat_241|feat_43|feat_139|feat_346|feat_211|feat_295,1.0,0.867,0.122,0.383,0.029,0.045,0.137,0.527,0.04,0.008,0.02,0.68,0.206,0.011,0.92,0.008,0.009,0.0,0.588,0.563
madelon,0.8,10000,20,10,189.26257860753685,0.7071067811865475,2.547829235012716,4,11100001000000100001,feat_241|feat_43|feat_311|feat_147|feat_295|feat_42,1.0,0.867,0.122,0.383,0.029,0.045,0.137,0.527,0.04,0.008,0.02,0.68,0.206,0.011,0.92,0.008,0.009,0.0,0.588,0.563
madelon,0.8,10000,20,10,189.26257860753685,0.7071067811865475,2.5505868662896316,2,11001000000100100010,feat_241|feat_43|feat_139|feat_346|feat_295|feat_85,1.0,0.867,0.122,0.383,0.029,0.045,0.137,0.527,0.04,0.008,0.02,0.68,0.206,0.011,0.92,0.008,0.009,0.0,0.588,0.563
madelon,0.8,10000,20,10,189.26257860753685,0.7071067811865475,2.5588973310215604,1,11000010000000000011,feat_241|feat_43|feat_205|feat_85|feat_42,1.0,0.867,0.122,0.383,0.029,0.045,0.137,0.527,0.04,0.008,0.02,0.68,0.206,0.011,0.92,0.008,0.009,0.0,0.588,0.563
madelon,0.8,10000,20,10,189.26257860753685,0.7071067811865475,2.5596831986045325,2,11000001100100000010,feat_241|feat_43|feat_147|feat_368|feat_346|feat_85,1.0,0.867,0.122,0.383,0.029,0.045,0.137,0.527,0.04,0.008,0.02,0.68,0.206,0.011,0.92,0.008,0.009,0.0,0.588,0.563
madelon,0.8,10000,20,10,189.26257860753685,0.7071067811865475,2.560388537889879,1,11010001100000000000,feat_241|feat_43|feat_154|feat_147|feat_368,1.0,0.867,0.122,0.383,0.029,0.045,0.137,0.527,0.04,0.008,0.02,0.68,0.206,0.011,0.92,0.008,0.009,0.0,0.588,0.563
madelon,0.8,10000,20,10,189.26257860753685,0.7071067811865475,2.5607777178364546,2,10010000000100100010,feat_241|feat_154|feat_346|feat_295|feat_85,1.0,0.867,0.122,0.383,0.029,0.045,0.137,0.527,0.04,0.008,0.02,0.68,0.206,0.011,0.92,0.008,0.009,0.0,0.588,0.563
madelon,0.8,10000,20,10,189.26257860753685,0.7071067811865475,2.560976899505352,1,11100001000010000001,feat_241|feat_43|feat_311|feat_147|feat_211|feat_42,1.0,0.867,0.122,0.383,0.029,0.045,0.137,0.527,0.04,0.008,0.02,0.68,0.206,0.011,0.92,0.008,0.009,0.0,0.588,0.563
madelon,0.8,10000,20,10,189.26257860753685,0.7071067811865475,2.5671774867116106,6,11000011000000100000,feat_241|feat_43|feat_205|feat_147|feat_295,1.0,0.867,0.122,0.383,0.029,0.045,0.137,0.527,0.04,0.008,0.02,0.68,0.206,0.011,0.92,0.008,0.009,0.0,0.588,0.563
madelon,0.8,10000,20,10,189.26257860753685,0.7071067811865475,2.572968429202054,1,10100101001000100000,feat_241|feat_311|feat_31|feat_147|feat_30|feat_295,1.0,0.867,0.122,0.383,0.029,0.045,0.137,0.527,0.04,0.008,0.02,0.68,0.206,0.011,0.92,0.008,0.009,0.0,0.588,0.563
madelon,0.8,10000,20,10,189.26257860753685,0.7071067811865475,2.596045195812814,2,11000001010000100001,feat_241|feat_43|feat_147|feat_459|feat_295|feat_42,1.0,0.867,0.122,0.383,0.029,0.045,0.137,0.527,0.04,0.008,0.02,0.68,0.206,0.011,0.92,0.008,0.009,0.0,0.588,0.563
madelon,0.8,10000,20,10,189.26257860753685,0.7071067811865475,2.6025458075172185,3,11000001100100100000,feat_241|feat_43|feat_147|feat_368|feat_346|feat_295,1.0,0.867,0.122,0.383,0.029,0.045,0.137,0.527,0.04,0.008,0.02,0.68,0.206,0.011,0.92,0.008,0.009,0.0,0.588,0.563
madelon,0.8,10000,20,10,189.26257860753685,0.7071067811865475,2.60519150434573,5,11100000100000100010,feat_241|feat_43|feat_311|feat_368|feat_295|feat_85,1.0,0.867,0.122,0.383,0.029,0.045,0.137,0.527,0.04,0.008,0.02,0.68,0.206,0.011,0.92,0.008,0.009,0.0,0.588,0.563
madelon,0.8,10000,20,10,189.26257860753685,0.7071067811865475,2.608253491905546,1,11100001000000000011,feat_241|feat_43|feat_311|feat_147|feat_85|feat_42,1.0,0.867,0.122,0.383,0.029,0.045,0.137,0.527,0.04,0.008,0.02,0.68,0.206,0.011,0.92,0.008,0.009,0.0,0.588,0.563
madelon,0.8,10000,20,10,189.26257860753685,0.7071067811865475,2.6286768686048965,3,11000010000000100001,feat_241|feat_43|feat_205|feat_295|feat_42,1.0,0.867,0.122,0.383,0.029,0.045,0.137,0.527,0.04,0.008,0.02,0.68,0.206,0.011,0.92,0.008,0.009,0.0,0.588,0.563
madelon,0.8,10000,20,10,189.26257860753685,0.7071067811865475,2.637725522381188,1,10000110000000000011,feat_241|feat_31|feat_205|feat_85|feat_42,1.0,0.867,0.122,0.383,0.029,0.045,0.137,0.527,0.04,0.008,0.02,0.68,0.206,0.011,0.92,0.008,0.009,0.0,0.588,0.563
madelon,0.8,10000,20,10,189.26257860753685,0.7071067811865475,2.6417335138771865,1,11000001100000100010,feat_241|feat_43|feat_147|feat_368|feat_295|feat_85,1.0,0.867,0.122,0.383,0.029,0.045,0.137,0.527,0.04,0.008,0.02,0.68,0.206,0.011,0.92,0.008,0.009,0.0,0.588,0.563
madelon,0.8,10000,20,10,189.26257860753685,0.7071067811865475,2.6435934380333173,3,11000000100110100000,feat_241|feat_43|feat_368|feat_346|feat_211|feat_295,1.0,0.867,0.122,0.383,0.029,0.045,0.137,0.527,0.04,0.008,0.02,0.68,0.206,0.011,0.92,0.008,0.009,0.0,0.588,0.563
madelon,0.8,10000,20,10,189.26257860753685,0.7071067811865475,2.688045062556646,1,10100101100000000010,feat_241|feat_311|feat_31|feat_147|feat_368|feat_85,1.0,0.867,0.122,0.383,0.029,0.045,0.137,0.527,0.04,0.008,0.02,0.68,0.206,0.011,0.92,0.008,0.009,0.0,0.588,0.563
madelon,0.8,10000,20,10,189.26257860753685,0.7071067811865475,2.7155604020057953,2,11000001100010100000,feat_241|feat_43|feat_147|feat_368|feat_211|feat_295,1.0,0.867,0.122,0.383,0.029,0.045,0.137,0.527,0.04,0.008,0.02,0.68,0.206,0.011,0.92,0.008,0.009,0.0,0.588,0.563
madelon,0.8,10000,20,10,189.26257860753685,0.7071067811865475,2.7370847914561587,2,10000011000100100000,feat_241|feat_205|feat_147|feat_346|feat_295,1.0,0.867,0.122,0.383,0.029,0.045,0.137,0.527,0.04,0.008,0.02,0.68,0.206,0.011,0.92,0.008,0.009,0.0,0.588,0.563
madelon,0.8,10000,20,10,189.26257860753685,0.7071067811865475,2.7707141752997977,1,10100001100010100000,feat_241|feat_311|feat_147|feat_368|feat_211|feat_295,1.0,0.867,0.122,0.383,0.029,0.045,0.137,0.527,0.04,0.008,0.02,0.68,0.206,0.011,0.92,0.008,0.009,0.0,0.588,0.563
madelon,0.8,10000,20,10,189.26257860753685,0.7071067811865475,2.772047055782027,1,10100001100000100010,feat_241|feat_311|feat_147|feat_368|feat_295|feat_85,1.0,0.867,0.122,0.383,0.029,0.045,0.137,0.527,0.04,0.008,0.02,0.68,0.206,0.011,0.92,0.008,0.009,0.0,0.588,0.563
madelon,0.8,10000,20,10,189.26257860753685,0.7071067811865475,2.783295734812995,1,11100001100000100000,feat_241|feat_43|feat_311|feat_147|feat_368|feat_295,1.0,0.867,0.122,0.383,0.029,0.045,0.137,0.527,0.04,0.008,0.02,0.68,0.206,0.011,0.92,0.008,0.009,0.0,0.588,0.563
madelon,0.8,10000,20,10,189.26257860753685,0.7071067811865475,2.829373587475863,2,10000111000000100000,feat_241|feat_31|feat_205|feat_147|feat_295,1.0,0.867,0.122,0.383,0.029,0.045,0.137,0.527,0.04,0.008,0.02,0.68,0.206,0.011,0.92,0.008,0.009,0.0,0.588,0.563
madelon,0.8,10000,20,10,189.26257860753685,0.7071067811865475,3.2967343385215804,1,10000001000111100001,feat_241|feat_147|feat_346|feat_211|feat_486|feat_295|feat_42,1.0,0.867,0.122,0.383,0.029,0.045,0.137,0.527,0.04,0.008,0.02,0.68,0.206,0.011,0.92,0.008,0.009,0.0,0.588,0.563
madelon,0.8,10000,20,10,189.26257860753685,0.7071067811865475,3.4026900259656028,2,11000001000100001011,feat_241|feat_43|feat_147|feat_346|feat_431|feat_85|feat_42,1.0,0.867,0.122,0.383,0.029,0.045,0.137,0.527,0.04,0.008,0.02,0.68,0.206,0.011,0.92,0.008,0.009,0.0,0.588,0.563
madelon,0.8,10000,20,10,189.26257860753685,0.7071067811865475,3.4151089534842445,1,10010000000110100001,feat_241|feat_154|feat_346|feat_211|feat_295|feat_42,1.0,0.867,0.122,0.383,0.029,0.045,0.137,0.527,0.04,0.008,0.02,0.68,0.206,0.011,0.92,0.008,0.009,0.0,0.588,0.563
madelon,0.8,10000,20,10,189.26257860753685,0.7071067811865475,3.429248017582461,1,11010001000010001000,feat_241|feat_43|feat_154|feat_147|feat_211|feat_431,1.0,0.867,0.122,0.383,0.029,0.045,0.137,0.527,0.04,0.008,0.02,0.68,0.206,0.011,0.92,0.008,0.009,0.0,0.588,0.563
madelon,0.8,10000,20,10,189.26257860753685,0.7071067811865475,3.4312674771290865,5,11000100000100100011,feat_241|feat_43|feat_31|feat_346|feat_295|feat_85|feat_42,1.0,0.867,0.122,0.383,0.029,0.045,0.137,0.527,0.04,0.008,0.02,0.68,0.206,0.011,0.92,0.008,0.009,0.0,0.588,0.563
madelon,0.8,10000,20,10,189.26257860753685,0.7071067811865475,3.432166704830925,1,10010001000010100001,feat_241|feat_154|feat_147|feat_211|feat_295|feat_42,1.0,0.867,0.122,0.383,0.029,0.045,0.137,0.527,0.04,0.008,0.02,0.68,0.206,0.011,0.92,0.008,0.009,0.0,0.588,0.563
madelon,0.8,10000,20,10,189.26257860753685,0.7071067811865475,3.4335161436831503,1,10010000000100001011,feat_241|feat_154|feat_346|feat_431|feat_85|feat_42,1.0,0.867,0.122,0.383,0.029,0.045,0.137,0.527,0.04,0.008,0.02,0.68,0.206,0.011,0.92,0.008,0.009,0.0,0.588,0.563
madelon,0.8,10000,20,10,189.26257860753685,0.7071067811865475,3.435294208241779,1,10010001000110000001,feat_241|feat_154|feat_147|feat_346|feat_211|feat_42,1.0,0.867,0.122,0.383,0.029,0.045,0.137,0.527,0.04,0.008,0.02,0.68,0.206,0.011,0.92,0.008,0.009,0.0,0.588,0.563
madelon,0.8,10000,20,10,189.26257860753685,0.7071067811865475,3.4374403235437327,1,11010101000100000000,feat_241|feat_43|feat_154|feat_31|feat_147|feat_346,1.0,0.867,0.122,0.383,0.029,0.045,0.137,0.527,0.04,0.008,0.02,0.68,0.206,0.011,0.92,0.008,0.009,0.0,0.588,0.563
madelon,0.8,10000,20,10,189.26257860753685,0.7071067811865475,3.440726840142574,1,11010001001010000000,feat_241|feat_43|feat_154|feat_147|feat_30|feat_211,1.0,0.867,0.122,0.383,0.029,0.045,0.137,0.527,0.04,0.008,0.02,0.68,0.206,0.011,0.92,0.008,0.009,0.0,0.588,0.563
madelon,0.8,10000,20,10,189.26257860753685,0.7071067811865475,3.4441683695181484,1,11010000000100001010,feat_241|feat_43|feat_154|feat_346|feat_431|feat_85,1.0,0.867,0.122,0.383,0.029,0.045,0.137,0.527,0.04,0.008,0.02,0.68,0.206,0.011,0.92,0.008,0.009,0.0,0.588,0.563
madelon,0.8,10000,20,10,189.26257860753685,0.7071067811865475,3.4504195068648684,3,10000001000101100011,feat_241|feat_147|feat_346|feat_486|feat_295|feat_85|feat_42,1.0,0.867,0.122,0.383,0.029,0.045,0.137,0.527,0.04,0.008,0.02,0.68,0.206,0.011,0.92,0.008,0.009,0.0,0.588,0.563
madelon,0.8,10000,20,10,189.26257860753685,0.7071067811865475,3.451650845420971,1,11000001000110110000,feat_241|feat_43|feat_147|feat_346|feat_211|feat_295|feat_66,1.0,0.867,0.122,0.383,0.029,0.045,0.137,0.527,0.04,0.008,0.02,0.68,0.206,0.011,0.92,0.008,0.009,0.0,0.588,0.563
madelon,0.8,10000,20,10,189.26257860753685,0.7071067811865475,3.4628897608854667,6,11000000000110100011,feat_241|feat_43|feat_346|feat_211|feat_295|feat_85|feat_42,1.0,0.867,0.122,0.383,0.029,0.045,0.137,0.527,0.04,0.008,0.02,0.68,0.206,0.011,0.92,0.008,0.009,0.0,0.588,0.563
madelon,0.8,10000,20,10,189.26257860753685,0.7071067811865475,3.463294391206543,99,11000001000110100001,feat_241|feat_43|feat_147|feat_346|feat_211|feat_295|feat_42,1.0,0.867,0.122,0.383,0.029,0.045,0.137,0.527,0.04,0.008,0.02,0.68,0.206,0.011,0.92,0.008,0.009,0.0,0.588,0.563
madelon,0.8,10000,20,10,189.26257860753685,0.7071067811865475,3.4734798917361087,5,11000101000100100001,feat_241|feat_43|feat_31|feat_147|feat_346|feat_295|feat_42,1.0,0.867,0.122,0.383,0.029,0.045,0.137,0.527,0.04,0.008,0.02,0.68,0.206,0.011,0.92,0.008,0.009,0.0,0.588,0.563
madelon,0.8,10000,20,10,189.26257860753685,0.7071067811865475,3.49643256608009,22,11110000000000100010,feat_241|feat_43|feat_311|feat_154|feat_295|feat_85,1.0,0.867,0.122,0.383,0.029,0.045,0.137,0.527,0.04,0.008,0.02,0.68,0.206,0.011,0.92,0.008,0.009,0.0,0.588,0.563
madelon,0.8,10000,20,10,189.26257860753685,0.7071067811865475,3.496935770787463,1,11010100000100100000,feat_241|feat_43|feat_154|feat_31|feat_346|feat_295,1.0,0.867,0.122,0.383,0.029,0.045,0.137,0.527,0.04,0.008,0.02,0.68,0.206,0.011,0.92,0.008,0.009,0.0,0.588,0.563
madelon,0.8,10000,20,10,189.26257860753685,0.7071067811865475,3.5021458659128304,1,11010001001000100000,feat_241|feat_43|feat_154|feat_147|feat_30|feat_295,1.0,0.867,0.122,0.383,0.029,0.045,0.137,0.527,0.04,0.008,0.02,0.68,0.206,0.011,0.92,0.008,0.009,0.0,0.588,0.563
madelon,0.8,10000,20,10,189.26257860753685,0.7071067811865475,3.5048077736902075,2,11010000000010100001,feat_241|feat_43|feat_154|feat_211|feat_295|feat_42,1.0,0.867,0.122,0.383,0.029,0.045,0.137,0.527,0.04,0.008,0.02,0.68,0.206,0.011,0.92,0.008,0.009,0.0,0.588,0.563
madelon,0.8,10000,20,10,189.26257860753685,0.7071067811865475,3.5185313871349218,2,11000000000101100011,feat_241|feat_43|feat_346|feat_486|feat_295|feat_85|feat_42,1.0,0.867,0.122,0.383,0.029,0.045,0.137,0.527,0.04,0.008,0.02,0.68,0.206,0.011,0.92,0.008,0.009,0.0,0.588,0.563
madelon,0.8,10000,20,10,189.26257860753685,0.7071067811865475,3.5234178948085955,3,11000101000100100010,feat_241|feat_43|feat_31|feat_147|feat_346|feat_295|feat_85,1.0,0.867,0.122,0.383,0.029,0.045,0.137,0.527,0.04,0.008,0.02,0.68,0.206,0.011,0.92,0.008,0.009,0.0,0.588,0.563
madelon,0.8,10000,20,10,189.26257860753685,0.7071067811865475,3.537852751889628,1,11010001000010000001,feat_241|feat_43|feat_154|feat_147|feat_211|feat_42,1.0,0.867,0.122,0.383,0.029,0.045,0.137,0.527,0.04,0.008,0.02,0.68,0.206,0.011,0.92,0.008,0.009,0.0,0.588,0.563
madelon,0.8,10000,20,10,189.26257860753685,0.7071067811865475,3.5400104931289764,7,10000101000100100011,feat_241|feat_31|feat_147|feat_346|feat_295|feat_85|feat_42,1.0,0.867,0.122,0.383,0.029,0.045,0.137,0.527,0.04,0.008,0.02,0.68,0.206,0.011,0.92,0.008,0.009,0.0,0.588,0.563
madelon,0.8,10000,20,10,189.26257860753685,0.7071067811865475,3.5456595057873574,4,11010001000100000001,feat_241|feat_43|feat_154|feat_147|feat_346|feat_42,1.0,0.867,0.122,0.383,0.029,0.045,0.137,0.527,0.04,0.008,0.02,0.68,0.206,0.011,0.92,0.008,0.009,0.0,0.588,0.563
madelon,0.8,10000,20,10,189.26257860753685,0.7071067811865475,3.546098249184926,12,11110001000000100000,feat_241|feat_43|feat_311|feat_154|feat_147|feat_295,1.0,0.867,0.122,0.383,0.029,0.045,0.137,0.527,0.04,0.008,0.02,0.68,0.206,0.011,0.92,0.008,0.009,0.0,0.588,0.563
madelon,0.8,10000,20,10,189.26257860753685,0.7071067811865475,3.5501157858071197,1,11010001001000000001,feat_241|feat_43|feat_154|feat_147|feat_30|feat_42,1.0,0.867,0.122,0.383,0.029,0.045,0.137,0.527,0.04,0.008,0.02,0.68,0.206,0.011,0.92,0.008,0.009,0.0,0.588,0.563
madelon,0.8,10000,20,10,189.26257860753685,0.7071067811865475,3.5532175528014833,76,11000001000100100011,feat_241|feat_43|feat_147|feat_346|feat_295|feat_85|feat_42,1.0,0.867,0.122,0.383,0.029,0.045,0.137,0.527,0.04,0.008,0.02,0.68,0.206,0.011,0.92,0.008,0.009,0.0,0.588,0.563
madelon,0.8,10000,20,10,189.26257860753685,0.7071067811865475,3.559875115646981,4,10110000000000100011,feat_241|feat_311|feat_154|feat_295|feat_85|feat_42,1.0,0.867,0.122,0.383,0.029,0.045,0.137,0.527,0.04,0.008,0.02,0.68,0.206,0.011,0.92,0.008,0.009,0.0,0.588,0.563
madelon,0.8,10000,20,10,189.26257860753685,0.7071067811865475,3.563362009225008,4,11010000000110100000,feat_241|feat_43|feat_154|feat_346|feat_211|feat_295,1.0,0.867,0.122,0.383,0.029,0.045,0.137,0.527,0.04,0.008,0.02,0.68,0.206,0.011,0.92,0.008,0.009,0.0,0.588,0.563
madelon,0.8,10000,20,10,189.26257860753685,0.7071067811865475,3.569893577027237,1,10010101000100000001,feat_241|feat_154|feat_31|feat_147|feat_346|feat_42,1.0,0.867,0.122,0.383,0.029,0.045,0.137,0.527,0.04,0.008,0.02,0.68,0.206,0.011,0.92,0.008,0.009,0.0,0.588,0.563
madelon,0.8,10000,20,10,189.26257860753685,0.7071067811865475,3.5710652942500754,1,10010001001000100001,feat_241|feat_154|feat_147|feat_30|feat_295|feat_42,1.0,0.867,0.122,0.383,0.029,0.045,0.137,0.527,0.04,0.008,0.02,0.68,0.206,0.011,0.92,0.008,0.009,0.0,0.588,0.563
madelon,0.8,10000,20,10,189.26257860753685,0.7071067811865475,3.5730497244279604,10,11010000000100100001,feat_241|feat_43|feat_154|feat_346|feat_295|feat_42,1.0,0.867,0.122,0.383,0.029,0.045,0.137,0.527,0.04,0.008,0.02,0.68,0.206,0.011,0.92,0.008,0.009,0.0,0.588,0.563
madelon,0.8,10000,20,10,189.26257860753685,0.7071067811865475,3.5733857906039237,6,11010001000010100000,feat_241|feat_43|feat_154|feat_147|feat_211|feat_295,1.0,0.867,0.122,0.383,0.029,0.045,0.137,0.527,0.04,0.008,0.02,0.68,0.206,0.011,0.92,0.008,0.009,0.0,0.588,0.563
madelon,0.8,10000,20,10,189.26257860753685,0.7071067811865475,3.5803718003528786,4,11010000001000100010,feat_241|feat_43|feat_154|feat_30|feat_295|feat_85,1.0,0.867,0.122,0.383,0.029,0.045,0.137,0.527,0.04,0.008,0.02,0.68,0.206,0.011,0.92,0.008,0.009,0.0,0.588,0.563
madelon,0.8,10000,20,10,189.26257860753685,0.7071067811865475,3.584610965971962,13,11010000000100000011,feat_241|feat_43|feat_154|feat_346|feat_85|feat_42,1.0,0.867,0.122,0.383,0.029,0.045,0.137,0.527,0.04,0.008,0.02,0.68,0.206,0.011,0.92,0.008,0.009,0.0,0.588,0.563
madelon,0.8,10000,20,10,189.26257860753685,0.7071067811865475,3.5918473239426065,41,11010000000000100011,feat_241|feat_43|feat_154|feat_295|feat_85|feat_42,1.0,0.867,0.122,0.383,0.029,0.045,0.137,0.527,0.04,0.008,0.02,0.68,0.206,0.011,0.92,0.008,0.009,0.0,0.588,0.563
madelon,0.8,10000,20,10,189.26257860753685,0.7071067811865475,3.5961628470913527,1,11010000001000000011,feat_241|feat_43|feat_154|feat_30|feat_85|feat_42,1.0,0.867,0.122,0.383,0.029,0.045,0.137,0.527,0.04,0.008,0.02,0.68,0.206,0.011,0.92,0.008,0.009,0.0,0.588,0.563
madelon,0.8,10000,20,10,189.26257860753685,0.7071067811865475,3.601924544081321,1,11000000001100100011,feat_241|feat_43|feat_30|feat_346|feat_295|feat_85|feat_42,1.0,0.867,0.122,0.383,0.029,0.045,0.137,0.527,0.04,0.008,0.02,0.68,0.206,0.011,0.92,0.008,0.009,0.0,0.588,0.563
madelon,0.8,10000,20,10,189.26257860753685,0.7071067811865475,3.6063865184693675,51,11010001000100100000,feat_241|feat_43|feat_154|feat_147|feat_346|feat_295,1.0,0.867,0.122,0.383,0.029,0.045,0.137,0.527,0.04,0.008,0.02,0.68,0.206,0.011,0.92,0.008,0.009,0.0,0.588,0.563
madelon,0.8,10000,20,10,189.26257860753685,0.7071067811865475,3.6068765650369015,1,10110100000000100010,feat_241|feat_311|feat_154|feat_31|feat_295|feat_85,1.0,0.867,0.122,0.383,0.029,0.045,0.137,0.527,0.04,0.008,0.02,0.68,0.206,0.011,0.92,0.008,0.009,0.0,0.588,0.563
madelon,0.8,10000,20,10,189.26257860753685,0.7071067811865475,3.6085645113088876,2,11110000000000000011,feat_241|feat_43|feat_311|feat_154|feat_85|feat_42,1.0,0.867,0.122,0.383,0.029,0.045,0.137,0.527,0.04,0.008,0.02,0.68,0.206,0.011,0.92,0.008,0.009,0.0,0.588,0.563
madelon,0.8,10000,20,10,189.26257860753685,0.7071067811865475,3.614020625720687,1,11100100000000100011,feat_241|feat_43|feat_311|feat_31|feat_295|feat_85|feat_42,1.0,0.867,0.122,0.383,0.029,0.045,0.137,0.527,0.04,0.008,0.02,0.68,0.206,0.011,0.92,0.008,0.009,0.0,0.588,0.563
madelon,0.8,10000,20,10,189.26257860753685,0.7071067811865475,3.615280767780431,2,10000101000100110010,feat_241|feat_31|feat_147|feat_346|feat_295|feat_66|feat_85,1.0,0.867,0.122,0.383,0.029,0.045,0.137,0.527,0.04,0.008,0.02,0.68,0.206,0.011,0.92,0.008,0.009,0.0,0.588,0.563
madelon,0.8,10000,20,10,189.26257860753685,0.7071067811865475,3.6157132801309433,30,11010001000000100001,feat_241|feat_43|feat_154|feat_147|feat_295|feat_42,1.0,0.867,0.122,0.383,0.029,0.045,0.137,0.527,0.04,0.008,0.02,0.68,0.206,0.011,0.92,0.008,0.009,0.0,0.588,0.563
madelon,0.8,10000,20,10,189.26257860753685,0.7071067811865475,3.6202443981986807,8,10010000000100100011,feat_241|feat_154|feat_346|feat_295|feat_85|feat_42,1.0,0.867,0.122,0.383,0.029,0.045,0.137,0.527,0.04,0.008,0.02,0.68,0.206,0.011,0.92,0.008,0.009,0.0,0.588,0.563
madelon,0.8,10000,20,10,189.26257860753685,0.7071067811865475,3.6341996578838787,1,11010001001000000010,feat_241|feat_43|feat_154|feat_147|feat_30|feat_85,1.0,0.867,0.122,0.383,0.029,0.045,0.137,0.527,0.04,0.008,0.02,0.68,0.206,0.011,0.92,0.008,0.009,0.0,0.588,0.563
madelon,0.8,10000,20,10,189.26257860753685,0.7071067811865475,3.6391317675801726,1,10110001000010100000,feat_241|feat_311|feat_154|feat_147|feat_211|feat_295,1.0,0.867,0.122,0.383,0.029,0.045,0.137,0.527,0.04,0.008,0.02,0.68,0.206,0.011,0.92,0.008,0.009,0.0,0.588,0.563
madelon,0.8,10000,20,10,189.26257860753685,0.7071067811865475,3.651212364541355,1,11100101001000100000,feat_241|feat_43|feat_311|feat_31|feat_147|feat_30|feat_295,1.0,0.867,0.122,0.383,0.029,0.045,0.137,0.527,0.04,0.008,0.02,0.68,0.206,0.011,0.92,0.008,0.009,0.0,0.588,0.563
madelon,0.8,10000,20,10,189.26257860753685,0.7071067811865475,3.6522717834403466,2,11000011000100001000,feat_241|feat_43|feat_205|feat_147|feat_346|feat_431,1.0,0.867,0.122,0.383,0.029,0.045,0.137,0.527,0.04,0.008,0.02,0.68,0.206,0.011,0.92,0.008,0.009,0.0,0.588,0.563
madelon,0.8,10000,20,10,189.26257860753685,0.7071067811865475,3.6525629014538517,1,11000101100100000010,feat_241|feat_43|feat_31|feat_147|feat_368|feat_346|feat_85,1.0,0.867,0.122,0.383,0.029,0.045,0.137,0.527,0.04,0.008,0.02,0.68,0.206,0.011,0.92,0.008,0.009,0.0,0.588,0.563
madelon,0.8,10000,20,10,189.26257860753685,0.7071067811865475,3.6589663877459473,13,10010001000100100001,feat_241|feat_154|feat_147|feat_346|feat_295|feat_42,1.0,0.867,0.122,0.383,0.029,0.045,0.137,0.527,0.04,0.008,0.02,0.68,0.206,0.011,0.92,0.008,0.009,0.0,0.588,0.563
madelon,0.8,10000,20,10,189.26257860753685,0.7071067811865475,3.6618311059548585,1,10010001000000100011,feat_241|feat_154|feat_147|feat_295|feat_85|feat_42,1.0,0.867,0.122,0.383,0.029,0.045,0.137,0.527,0.04,0.008,0.02,0.68,0.206,0.011,0.92,0.008,0.009,0.0,0.588,0.563
madelon,0.8,10000,20,10,189.26257860753685,0.7071067811865475,3.671655431455121,2,11000001001010100001,feat_241|feat_43|feat_147|feat_30|feat_211|feat_295|feat_42,1.0,0.867,0.122,0.383,0.029,0.045,0.137,0.527,0.04,0.008,0.02,0.68,0.206,0.011,0.92,0.008,0.009,0.0,0.588,0.563
madelon,0.8,10000,20,10,189.26257860753685,0.7071067811865475,3.677516851809788,79,11010000000100100010,feat_241|feat_43|feat_154|feat_346|feat_295|feat_85,1.0,0.867,0.122,0.383,0.029,0.045,0.137,0.527,0.04,0.008,0.02,0.68,0.206,0.011,0.92,0.008,0.009,0.0,0.588,0.563
madelon,0.8,10000,20,10,189.26257860753685,0.7071067811865475,3.683830169795903,3,11001000000110100001,feat_241|feat_43|feat_139|feat_346|feat_211|feat_295|feat_42,1.0,0.867,0.122,0.383,0.029,0.045,0.137,0.527,0.04,0.008,0.02,0.68,0.206,0.011,0.92,0.008,0.009,0.0,0.588,0.563
madelon,0.8,10000,20,10,189.26257860753685,0.7071067811865475,3.6872860092050557,1,10100001000001100011,feat_241|feat_311|feat_147|feat_486|feat_295|feat_85|feat_42,1.0,0.867,0.122,0.383,0.029,0.045,0.137,0.527,0.04,0.008,0.02,0.68,0.206,0.011,0.92,0.008,0.009,0.0,0.588,0.563
madelon,0.8,10000,20,10,189.26257860753685,0.7071067811865475,3.6886910276411307,1,11010001000000000011,feat_241|feat_43|feat_154|feat_147|feat_85|feat_42,1.0,0.867,0.122,0.383,0.029,0.045,0.137,0.527,0.04,0.008,0.02,0.68,0.206,0.011,0.92,0.008,0.009,0.0,0.588,0.563
madelon,0.8,10000,20,10,189.26257860753685,0.7071067811865475,3.69040906756954,2,11110001000000000001,feat_241|feat_43|feat_311|feat_154|feat_147|feat_42,1.0,0.867,0.122,0.383,0.029,0.045,0.137,0.527,0.04,0.008,0.02,0.68,0.206,0.011,0.92,0.008,0.009,0.0,0.588,0.563
madelon,0.8,10000,20,10,189.26257860753685,0.7071067811865475,3.691983077906117,12,11000010000100000011,feat_241|feat_43|feat_205|feat_346|feat_85|feat_42,1.0,0.867,0.122,0.383,0.029,0.045,0.137,0.527,0.04,0.008,0.02,0.68,0.206,0.011,0.92,0.008,0.009,0.0,0.588,0.563
madelon,0.8,10000,20,10,189.26257860753685,0.7071067811865475,3.694303957419913,2,10010000010000100011,feat_241|feat_154|feat_459|feat_295|feat_85|feat_42,1.0,0.867,0.122,0.383,0.029,0.045,0.137,0.527,0.04,0.008,0.02,0.68,0.206,0.011,0.92,0.008,0.009,0.0,0.588,0.563
madelon,0.8,10000,20,10,189.26257860753685,0.7071067811865475,3.696646458483345,1,10000001000111100010,feat_241|feat_147|feat_346|feat_211|feat_486|feat_295|feat_85,1.0,0.867,0.122,0.383,0.029,0.045,0.137,0.527,0.04,0.008,0.02,0.68,0.206,0.011,0.92,0.008,0.009,0.0,0.588,0.563
madelon,0.8,10000,20,10,189.26257860753685,0.7071067811865475,3.700137306664697,17,11001000000100100011,feat_241|feat_43|feat_139|feat_346|feat_295|feat_85|feat_42,1.0,0.867,0.122,0.383,0.029,0.045,0.137,0.527,0.04,0.008,0.02,0.68,0.206,0.011,0.92,0.008,0.009,0.0,0.588,0.563
madelon,0.8,10000,20,10,189.26257860753685,0.7071067811865475,3.7024256030192557,1,10000010000110100001,feat_241|feat_205|feat_346|feat_211|feat_295|feat_42,1.0,0.867,0.122,0.383,0.029,0.045,0.137,0.527,0.04,0.008,0.02,0.68,0.206,0.011,0.92,0.008,0.009,0.0,0.588,0.563
madelon,0.8,10000,20,10,189.26257860753685,0.7071067811865475,3.70422837845532,1,10010001000100000011,feat_241|feat_154|feat_147|feat_346|feat_85|feat_42,1.0,0.867,0.122,0.383,0.029,0.045,0.137,0.527,0.04,0.008,0.02,0.68,0.206,0.011,0.92,0.008,0.009,0.0,0.588,0.563
madelon,0.8,10000,20,10,189.26257860753685,0.7071067811865475,3.7120695895982023,16,11010001000000100010,feat_241|feat_43|feat_154|feat_147|feat_295|feat_85,1.0,0.867,0.122,0.383,0.029,0.045,0.137,0.527,0.04,0.008,0.02,0.68,0.206,0.011,0.92,0.008,0.009,0.0,0.588,0.563
madelon,0.8,10000,20,10,189.26257860753685,0.7071067811865475,3.714305109439753,1,11000001000110100010,feat_241|feat_43|feat_147|feat_346|feat_211|feat_295|feat_85,1.0,0.867,0.122,0.383,0.029,0.045,0.137,0.527,0.04,0.008,0.02,0.68,0.206,0.011,0.92,0.008,0.009,0.0,0.588,0.563
madelon,0.8,10000,20,10,189.26257860753685,0.7071067811865475,3.717687815191079,1,10010001000110100000,feat_241|feat_154|feat_147|feat_346|feat_211|feat_295,1.0,0.867,0.122,0.383,0.029,0.045,0.137,0.527,0.04,0.008,0.02,0.68,0.206,0.011,0.92,0.008,0.009,0.0,0.588,0.563
madelon,0.8,10000,20,10,189.26257860753685,0.7071067811865475,3.7179730293051447,4,11000010100100000010,feat_241|feat_43|feat_205|feat_368|feat_346|feat_85,1.0,0.867,0.122,0.383,0.029,0.045,0.137,0.527,0.04,0.008,0.02,0.68,0.206,0.011,0.92,0.008,0.009,0.0,0.588,0.563
madelon,0.8,10000,20,10,189.26257860753685,0.7071067811865475,3.7193931216395044,4,10110001000000100001,feat_241|feat_311|feat_154|feat_147|feat_295|feat_42,1.0,0.867,0.122,0.383,0.029,0.045,0.137,0.527,0.04,0.008,0.02,0.68,0.206,0.011,0.92,0.008,0.009,0.0,0.588,0.563
madelon,0.8,10000,20,10,189.26257860753685,0.7071067811865475,3.7279849056346603,1,11001000000110001001,feat_241|feat_43|feat_139|feat_346|feat_211|feat_431|feat_42,1.0,0.867,0.122,0.383,0.029,0.045,0.137,0.527,0.04,0.008,0.02,0.68,0.206,0.011,0.92,0.008,0.009,0.0,0.588,0.563
madelon,0.8,10000,20,10,189.26257860753685,0.7071067811865475,3.7287954957529457,1,11000010000110000001,feat_241|feat_43|feat_205|feat_346|feat_211|feat_42,1.0,0.867,0.122,0.383,0.029,0.045,0.137,0.527,0.04,0.008,0.02,0.68,0.206,0.011,0.92,0.008,0.009,0.0,0.588,0.563
madelon,0.8,10000,20,10,189.26257860753685,0.7071067811865475,3.7369090147087394,1,10100100001000100011,feat_241|feat_311|feat_31|feat_30|feat_295|feat_85|feat_42,1.0,0.867,0.122,0.383,0.029,0.045,0.137,0.527,0.04,0.008,0.02,0.68,0.206,0.011,0.92,0.008,0.009,0.0,0.588,0.563
madelon,0.8,10000,20,10,189.26257860753685,0.7071067811865475,3.7392479276341,16,11100001000010100001,feat_241|feat_43|feat_311|feat_147|feat_211|feat_295|feat_42,1.0,0.867,0.122,0.383,0.029,0.045,0.137,0.527,0.04,0.008,0.02,0.68,0.206,0.011,0.92,0.008,0.009,0.0,0.588,0.563
madelon,0.8,10000,20,10,189.26257860753685,0.7071067811865475,3.7433990019212455,79,11000010000100100010,feat_241|feat_43|feat_205|feat_346|feat_295|feat_85,1.0,0.867,0.122,0.383,0.029,0.045,0.137,0.527,0.04,0.008,0.02,0.68,0.206,0.011,0.92,0.008,0.009,0.0,0.588,0.563
madelon,0.8,10000,20,10,189.26257860753685,0.7071067811865475,3.7434134424427636,2,10000011000110000001,feat_241|feat_205|feat_147|feat_346|feat_211|feat_42,1.0,0.867,0.122,0.383,0.029,0.045,0.137,0.527,0.04,0.008,0.02,0.68,0.206,0.011,0.92,0.008,0.009,0.0,0.588,0.563
madelon,0.8,10000,20,10,189.26257860753685,0.7071067811865475,3.7444393105448563,8,10000010000100100011,feat_241|feat_205|feat_346|feat_295|feat_85|feat_42,1.0,0.867,0.122,0.383,0.029,0.045,0.137,0.527,0.04,0.008,0.02,0.68,0.206,0.011,0.92,0.008,0.009,0.0,0.588,0.563
