linoleic,palmitoleic,other,stearic,eicosenoic,linolenic,oleic,arachidic
1.0342036611317509,-0.36611380145467465,-1.0784814923424746,-0.3239908558634495,1.4689010846388557,-1.4686907685249226,0.31305585792356855,-0.1440220512363448
0.07631354189718159,-0.788891567368654,-1.0784814923424746,-0.7353484567288882,0.39329697936366675,0.6482811367318391,-0.45771257662115933,-0.3022880416059544
-0.3048876280022899,1.0548892450895337,0.8247211412030687,-0.06221783713089761,0.4400623752451967,-0.804542719816919,1.9096476151947908,1.0429728765357273
0.5210482401132317,0.6908306133302737,-1.0784814923424746,-0.884933038861775,-1.3370226682529416,-0.9290704789496697,0.5883302988324,-1.726681954932441
-0.6763144089299801,0.5029293840351718,0.6132541819202306,0.9661761650326991,-0.7758379176745821,0.8724311031707903,-1.4211731198020692,0.2516429246876793
-0.7080811730882693,0.6790867864993299,0.6132541819202306,0.5922147097004821,0.39329697936366675,0.4033765437707627,0.2580009697418023,-0.06488905605153997
0.23514736268862804,-0.9239455759245084,-0.9375035194872492,-0.7727446022621098,0.6738893546528465,0.5196024522946634,0.06530886110562031,-0.7770860127147833
-1.7099560426958547,1.2604062146310515,0.3312982362097797,2.0319663127295176,-0.3549493547408125,1.4618624963991436,0.4506930783779843,0.09337693431806966
-0.11184344580960882,0.5968799986827228,0.260809249782167,1.097062674398975,-0.12112237533316275,-0.6509584835531932,0.010253972923854032,0.17250992950287447
-0.8204866462637546,-0.38960145511656236,-0.9375035194872492,-0.5670658018293906,1.141543313468146,1.6860124628380948,1.193934068831829,-0.9353520030843929
-0.8571406049079345,0.6086238255136667,-0.021146695928283867,1.0783646016323643,0.6738893546528465,0.7105450162982144,-0.1549106916214448,1.9134358235685804
-0.44905986533606435,-0.5716307709961924,-1.007992505914862,-0.6231600201292231,0.39329697936366675,1.3954476915283434,0.17541863746915287,-0.6188200223451736
-0.8522534104220438,0.6379833925910263,0.6837431683478433,0.5174224186340387,0.4400623752451967,0.6648848379495392,0.42316563428710113,0.014243939133264844
0.6676640746899515,-0.28977892705353947,0.47227620906500517,0.3491397637345411,-0.3549493547408125,-1.518501872178023,1.7444829506494919,0.4890419102420937
0.0934187225977989,-0.9826647100792278,-1.0784814923424746,-0.5483677290627798,0.7206547505343764,0.7437524187336146,0.037781417014737174,-0.6188200223451736
1.6084490132239035,-0.9826647100792278,-1.007992505914862,-1.1654041303609377,0.29976618760060686,-1.5724639011355483,-1.3936456757111861,-0.7770860127147833
1.5669078600938329,-0.8065073076150697,-1.007992505914862,-1.4458752218601005,-1.1031956888452918,-1.5932185276576734,-0.5127674648029257,-0.5396870271603689
-1.1454850795754834,0.6262395657600824,1.8820559376172596,0.7978935101332014,1.3753702928757958,0.3162071123778372,1.2765164011044785,1.122105871720532
0.29379369651931597,-0.2662912733916517,0.40178722263739247,0.21825325436826512,-0.12112237533316275,-0.13209282050006527,-1.2009535670750042,-0.22315504642114958
-0.49793181019497096,0.6086238255136667,0.260809249782167,0.5174224186340387,-0.1678877712146927,0.4241311702928878,-0.45771257662115933,0.09337693431806966
-1.3263112755534379,1.8006222488544694,-0.021146695928283867,1.2466472565318618,-0.027591583570102832,0.80601629829999,-0.4301851325302762,0.4890419102420937
1.6084490132239035,-0.7477881734603504,-1.007992505914862,-1.3523848580270463,-1.8046766270682413,-1.5932185276576734,-0.6504046852573413,-0.5396870271603689
0.29379369651931597,-0.8241230478614856,-1.0784814923424746,-0.3987831469298929,0.8609509381789663,0.5860172571654637,-0.26502046798497736,0.09337693431806966
1.5717950545797237,-0.8065073076150697,-1.0784814923424746,-1.2962906397272136,-1.2434918764898817,-1.5849166770488234,-0.8430967938935233,0.2516429246876793
-0.8131558545349186,0.6027519120981947,0.04934229049932885,0.5922147097004821,0.06593920819295708,0.980355161085841,-0.8706242379844065,0.3307759198724841
1.486269151076637,-0.7184286063829908,-1.007992505914862,-0.9784234026948292,0.29976618760060686,-1.9668018050559255,-0.2374930238940942,1.8343028283837755
-0.742291534489504,0.4031068559721489,-0.1621246687835093,0.5361204914006495,-0.4952455423854024,1.0177134888256663,-0.595349797075575,0.7264408957965082
1.1319475508495642,-1.246900813775465,-1.0784814923424746,-0.510971583529558,1.4689010846388557,-1.136616744170921,1.1388791806500627,0.6473079006117033
1.2052554681379242,-0.48355206976411336,-1.007992505914862,-0.884933038861775,0.5335931670082567,-1.4686907685249226,0.31305585792356855,-0.1440220512363448
1.522923109720817,-1.0707434113113068,-0.9375035194872492,-0.510971583529558,-1.3370226682529416,-1.4686907685249226,0.5883302988324,-1.726681954932441
1.5962310270091769,-0.9239455759245084,-0.9375035194872492,-1.1093099120611052,-0.869368709437642,-1.5849166770488234,-0.9256791261661728,-0.9353520030843929
0.10808030605547088,0.5322889511125315,0.6837431683478433,-0.5857638745960014,-0.21465316709622265,-0.9415232548629447,1.964702503376557,1.201238866905337
-0.971989675326365,1.031401591427646,0.6132541819202306,0.9100819467328666,-0.40171475062234246,0.8765820284752154,-1.008261458438822,1.0429728765357273
-0.49793181019497096,0.09189544495213632,-0.1621246687835093,0.6670070007669255,0.06593920819295708,0.988657011694691,-1.9441945575288488,-0.06488905605153997
-2.118036782267725,2.6285620404360124,0.8247211412030687,2.6677007867942866,0.159469999956017,1.3539384384840931,-1.6138652284382513,-0.06488905605153997
1.0659704252900402,-1.4054424759932072,1.9525449240448722,-1.2962906397272136,0.159469999956017,-0.8751084499921444,1.0562968483774133,0.7264408957965082
0.13984707021376017,-1.1294625454660263,-1.007992505914862,-0.45487736522972544,0.3465315834821368,0.7852616717778649,-0.017273471167029108,-0.5396870271603689
1.1075115784201108,-1.1881816796207456,-1.007992505914862,-0.3239908558634495,-2.7399845446988405,-0.015866911976164612,-0.2374930238940942,-2.5180119067804894
1.241909426782104,-1.7988606748298268,0.6132541819202306,-1.614157876759598,0.29976618760060686,-0.8294482716434691,1.3315712892862448,1.0429728765357273
0.1178546950272522,-0.8241230478614856,-1.007992505914862,-0.4361792924631146,-0.027591583570102832,0.5901681824698888,0.14789119337826973,-0.3022880416059544
0.11296750054136154,-0.7477881734603504,-1.0784814923424746,-0.7353484567288882,0.6271239587713165,0.6565829873406891,-0.5127674648029257,-0.3022880416059544
0.16917023712910415,-1.1177187186350823,-0.9375035194872492,0.14346096330182173,1.4689010846388557,0.5486589294256385,-0.5127674648029257,0.2516429246876793
-1.6195429447068774,1.3484849158631305,0.8247211412030687,1.4336279841979704,-0.21465316709622265,1.349787513179668,0.23047352565091916,0.8055738909813129
1.5913438325232863,-1.593343705288309,0.9656991140582942,-1.0719137665278835,0.7674201464159064,-1.00378713442932,-0.9256791261661728,1.122105871720532
-2.179126713341358,2.9926206721952724,0.47227620906500517,1.7514952212303547,1.0947779175866161,1.3746930650062181,-1.9992494457106151,0.8847068861661178
0.5210482401132317,-0.3073946672999553,-1.007992505914862,-0.6979523111956665,1.9365550434541554,-0.7630334667726688,0.5883302988324,1.4386378524597514
-0.4857138239802443,0.5322889511125315,0.260809249782167,0.3678378365011519,0.11270460407448704,0.35771636542208746,-0.5127674648029257,0.09337693431806966
0.2058241957732841,-0.28390701363806753,0.8247211412030687,-0.2865947103302278,-0.07435697945163279,-0.6841658859885933,2.2675043883762713,1.2803718620901419
-1.223680191349734,1.207558993891804,0.8247211412030687,1.4710241297311921,-0.07435697945163279,0.8267709248221151,0.5332754106506337,0.17250992950287447
1.2541274129968307,-0.7771477405377101,-1.007992505914862,-0.884933038861775,0.5335931670082567,-1.3026537563479217,0.31305585792356855,-0.9353520030843929
1.0342036611317509,-0.8358668746924295,-1.0784814923424746,-0.6979523111956665,1.9365550434541554,-1.0951074911266707,1.4141536215588941,1.4386378524597514
-0.2780080583298913,-0.15472491849768497,0.6132541819202306,1.6954010029305222,-0.21465316709622265,0.0754534447211859,0.36811074610533484,0.4099089150572889
-1.4704835128872122,2.1000898330435382,0.3312982362097797,2.125456676562572,0.4400623752451967,0.6856394644716644,-0.9256791261661728,-0.3814210367907592
0.24980894614630003,-0.6655813856437434,-1.007992505914862,-0.8662349660951641,1.0480125217050862,0.3037543364645622,-0.26502046798497736,0.09337693431806966
0.789843936837218,-1.3056199479301842,-0.9375035194872492,-0.6979523111956665,-2.7399845446988405,-0.18190392415316553,3.341074707920714,-1.726681954932441
1.3763072751440972,-1.857579808984546,2.9393907340314507,-1.4084790763268789,0.2530007917190769,-1.2030315490417212,1.4416810656497774,0.8055738909813129
-0.5419165605679869,-0.5422712039188327,-0.9375035194872492,-0.6044619473626123,0.5803585628897866,1.507522674747819,0.8085498515594651,-0.6979530175299785
-0.971989675326365,1.3543568292786023,0.04934229049932885,0.6857050735335364,-0.027591583570102832,0.7063940909937895,-1.2009535670750042,1.3595048572749466
0.6676640746899515,-0.424832935609394,-1.0784814923424746,-0.6979523111956665,1.4689010846388557,-0.804542719816919,-0.2374930238940942,0.6473079006117033
1.6451029718680834,-0.9415613161709243,-1.007992505914862,-1.4645732946267114,-0.4952455423854024,-1.530954648091298,-1.3936456757111861,1.2803718620901419
-0.6518784365005268,0.31502815474006984,-0.30310264163873474,0.6670070007669255,-0.07435697945163279,1.0218644141300912,-1.2560084552567703,-0.22315504642114958
1.4007432475735504,-0.5422712039188327,-0.9375035194872492,-0.6979523111956665,0.06593920819295708,-1.717746286790424,0.31305585792356855,-0.9353520030843929
1.2541274129968307,-1.5992156187037811,-0.9375035194872492,-0.6979523111956665,-2.7399845446988405,-0.6385057076399181,1.964702503376557,-2.5180119067804894
0.1911626123156121,-1.0883591515577227,-1.0784814923424746,-0.4922735107629472,1.4221356887573258,0.5652626306433386,0.2580009697418023,-0.3022880416059544
-0.26090287762927394,-0.8534826149388453,-1.0784814923424746,-0.7166503839622773,0.06593920819295708,1.3207310360486928,0.395638190196218,-1.0936179934540025
0.8582646596396872,-0.04315856360371819,0.6837431683478433,0.12476289053521088,-0.4484801465038724,-1.526803722786873,0.09283630519650345,0.3307759198724841
1.6451029718680834,-0.9533051430018682,-1.007992505914862,-0.9784234026948292,-0.6355417300299923,-1.5849166770488234,-1.1183712348023547,-0.7770860127147833
0.02744159703827499,-0.7184286063829908,-1.007992505914862,-0.6792542384290556,0.7206547505343764,0.8350727754309651,-0.7605144616208739,-0.6188200223451736
-0.6469912420146361,0.7965250548087686,0.6837431683478433,0.8726858011996449,-0.07435697945163279,0.34111266420438735,-0.6504046852573413,-0.06488905605153997
1.5717950545797237,-0.8358668746924295,-1.007992505914862,-1.258894494193992,-0.962899501200702,-1.5932185276576734,-0.9256791261661728,0.014243939133264844
0.2155985847450654,0.13299883886043987,0.9656991140582942,-0.45487736522972544,-0.12112237533316275,-0.5637890521602676,-0.1549106916214448,1.201238866905337
-0.7007503813594333,0.479441730373284,-0.30310264163873474,0.236951327134876,0.019173812311427122,0.980355161085841,-0.595349797075575,-0.3022880416059544
0.7654079644077647,-1.246900813775465,-0.9375035194872492,-0.6979523111956665,-2.7399845446988405,-0.264922430241666,3.341074707920714,-1.726681954932441
0.0689827501683456,-0.7595320002912943,-1.007992505914862,-0.34268892863006034,0.019173812311427122,0.6482811367318391,-0.2374930238940942,-0.3022880416059544
1.4740511648619103,-0.7184286063829908,-1.0784814923424746,-0.884933038861775,0.06593920819295708,-1.9045379254895503,-0.37513024434850994,1.4386378524597514
0.716536019548858,-0.9533051430018682,-0.9375035194872492,-0.137010128197341,-2.2723305858835405,0.02564234106808562,-0.5127674648029257,-2.5180119067804894
1.0586396335612043,-1.0120242771565875,-0.9375035194872492,-0.510971583529558,-2.2723305858835405,-0.7215242137284186,1.1388791806500627,-1.726681954932441
-0.7593967151901213,1.0959926389978372,1.3886330326239704,1.2092511109986401,0.5335931670082567,0.12526454837428616,-0.595349797075575,0.3307759198724841
0.18627541782972143,-0.8299949612769575,-0.9375035194872492,-0.3613870013966712,1.3753702928757958,0.8267709248221151,-0.2925479120758605,-0.3022880416059544
-1.9738645449339502,2.6990250014216755,-0.09163568235589659,2.6677007867942866,0.019173812311427122,0.8807329537796403,0.14789119337826973,-0.06488905605153997
1.3274353302851907,-0.48355206976411336,-1.007992505914862,-1.0719137665278835,-0.869368709437642,-1.5102000215691729,-0.2374930238940942,-0.9353520030843929
-0.9255613277104038,0.6262395657600824,0.47227620906500517,0.7231012190667581,0.06593920819295708,0.8890348043884905,-0.07232835934879539,-0.1440220512363448
1.5840130407944502,-0.8358668746924295,-1.007992505914862,-1.258894494193992,-0.7758379176745821,-1.5932185276576734,-0.9256791261661728,-0.3022880416059544
0.7409719919783113,-1.3056199479301842,-0.9375035194872492,-0.6979523111956665,-2.7399845446988405,-0.22341317719741577,3.341074707920714,-1.726681954932441
-1.4216115680283057,1.6538244134676712,0.9656991140582942,0.6483089280003147,1.6091972722834456,0.5611117053389136,1.9096476151947908,1.0429728765357273
1.153939926036072,-0.9826647100792278,1.529611005479196,-1.5393655856931547,1.0947779175866161,-1.1947296984328712,0.4506930783779843,1.201238866905337
1.3763072751440972,-0.3073946672999553,-1.007992505914862,-0.884933038861775,-1.3370226682529416,-1.6762370337461738,0.5883302988324,-1.726681954932441
1.0293164666458603,-0.7771477405377101,1.3181440461963578,-1.240196421427381,0.2530007917190769,-1.0369945368647202,0.17541863746915287,0.5681749054268985
-0.11917423753844482,0.23282136692346278,0.754232154775456,-0.2118024192637844,0.6271239587713165,-0.4641668448540671,1.386626177468011,0.8847068861661178
1.6402157773821928,-0.9239455759245084,-1.007992505914862,-1.0719137665278835,-1.1967264806083517,-1.5600111252222733,-0.8430967938935233,-0.3022880416059544
-0.727629951031832,0.36200346206384537,-0.232613655211122,0.5922147097004821,-0.30818395885928257,0.8558274019530903,0.6709126311050494,-0.1440220512363448
-1.8052563351707225,2.6226901270205403,1.1771660733411324,2.480720059128178,0.019173812311427122,0.8599783272575152,-1.4211731198020692,-0.1440220512363448
0.9413469658998285,-0.9298174893399804,2.023033910472485,-1.128007984827716,1.141543313468146,-1.1117111923443708,0.20294608156003602,1.9134358235685804
-1.67574568129462,1.5540018854046482,1.1066770869135196,2.237645113162237,0.6738893546528465,1.1879014263070922,-0.26502046798497736,0.3307759198724841
1.632884985653357,-0.9826647100792278,-0.9375035194872492,-0.9784234026948292,-0.40171475062234246,-1.5517092746134231,-1.3385907875294198,-0.5396870271603689
0.1422906674567055,-0.7595320002912943,-1.007992505914862,-0.9223291843949967,0.29976618760060686,0.6856394644716644,-0.2374930238940942,-0.9353520030843929
-0.9255613277104038,0.5968799986827228,0.5427651954926179,0.480026273100817,0.3465315834821368,0.9554496092592908,-0.26502046798497736,0.09337693431806966
0.3377784468923319,-0.2604193599761798,1.8115669511896468,-0.7914426750287208,0.6738893546528465,-0.7049205125107184,1.2214615129227122,0.9638398813509226
-1.653753306108112,1.207558993891804,0.5427651954926179,0.8352896556664232,0.2530007917190769,1.6445032097938446,0.6433851870141662,0.6473079006117033
1.6377721801392475,-1.0707434113113068,-1.0784814923424746,-1.0719137665278835,0.29976618760060686,-1.5724639011355483,-1.6138652284382513,-0.3022880416059544
-1.1210491071460302,0.6321114791755543,0.6132541819202306,0.5735166369338712,0.20623539583754694,1.196203276915942,0.12036374928738659,0.014243939133264844
0.029885194281220318,-0.7301724332139347,-1.007992505914862,0.08736674500198918,0.3465315834821368,0.4863950498592632,0.06530886110562031,-0.9353520030843929
0.04210318049594697,-0.5422712039188327,-1.0784814923424746,-0.641858092895834,0.7206547505343764,0.47394227394598815,0.3405833020144517,-0.6979530175299785
-0.16804618239735142,0.16823031935327148,0.6132541819202306,-0.11831205543073016,0.29976618760060686,-0.443412218331942,2.2950318324671546,1.201238866905337
1.2296914405673773,-1.5992156187037811,-1.007992505914862,-0.6979523111956665,-2.7399845446988405,-0.18190392415316553,-0.788041905711757,-2.5180119067804894
0.09830591708368956,-0.330882320961843,-1.0784814923424746,-0.6605561656624448,1.0947779175866161,0.3037543364645622,-0.595349797075575,0.2516429246876793
-0.7227427565459413,0.9785543706883986,-0.021146695928283867,0.7791954373665906,0.6271239587713165,0.48224412455483817,-1.586337784347368,0.3307759198724841
1.3714200806582064,-1.1529501991279139,1.9525449240448722,-1.2775925669606027,0.159469999956017,-1.340012084087747,0.17541863746915287,-0.1440220512363448
-1.135710690603702,1.0548892450895337,1.1066770869135196,1.0783646016323643,0.6271239587713165,0.9097894309106156,-0.32007535616674365,0.17250992950287447
0.5210482401132317,-0.3073946672999553,-1.0784814923424746,-0.510971583529558,1.9365550434541554,-0.6800149606841683,-1.0633163466205884,1.4386378524597514
0.17894462610088546,-0.7595320002912943,-0.9375035194872492,-0.5857638745960014,1.6559626681649755,0.4199802449884628,-0.5127674648029257,0.014243939133264844
-0.7398479372465586,0.4265945096340366,-0.37359162806634744,0.8352896556664232,-0.40171475062234246,1.146392173262842,-1.6413926725291343,-0.3022880416059544
0.264470529603972,-0.8065073076150697,-1.0784814923424746,-0.7353484567288882,0.9077163340604963,0.453187647423863,-0.7054595734391076,0.4099089150572889
0.19360620955855742,-1.0178961905720594,-1.007992505914862,-0.5857638745960014,0.6271239587713165,0.5984700330787388,-0.017273471167029108,-0.5396870271603689
-0.36109036459003246,-0.14885300508221302,-0.1621246687835093,0.44263012756759534,-0.3549493547408125,1.0384681153477913,-1.9992494457106151,-0.3814210367907592
-0.7813890903766293,0.5616485181898911,1.6000999919068086,0.8165915828998123,1.141543313468146,0.19167935324508653,0.6709126311050494,0.4890419102420937
-1.424055165271251,1.4072040500178498,0.47227620906500517,1.6954010029305222,-0.2614185629777526,1.0550718165654913,-0.4026576884393931,-0.22315504642114958
-0.6714272144440894,1.131224119490669,0.04934229049932885,1.3214395475983052,-0.30818395885928257,0.2373395315937618,-0.980734014347939,-0.06488905605153997
-0.32443640594585255,0.5205451242815876,0.9656991140582942,0.16215903606843257,0.20623539583754694,-0.14039467110891532,-0.32007535616674365,0.8847068861661178
0.05432116671067362,-0.15472491849768497,1.8115669511896468,-1.3523848580270463,0.7206547505343764,-0.20265855067529065,1.606845730195076,0.9638398813509226
1.559577068364997,-0.788891567368654,-1.007992505914862,-1.3710829307936572,-1.2434918764898817,-1.6139731541797986,-0.7329870175299907,0.8055738909813129
-1.0355232036429436,0.749549747484993,0.754232154775456,0.7417992918333689,-0.1678877712146927,0.980355161085841,-0.09985580343967852,-0.06488905605153997
-0.6689836172011441,0.6379833925910263,1.1771660733411324,0.610912782467093,0.39329697936366675,0.35356544011766244,0.06530886110562031,0.6473079006117033
-0.5981192971557295,-0.6244779917354398,-1.0784814923424746,-0.510971583529558,0.4868277711267267,1.6445032097938446,0.20294608156003602,-0.46055403197556405
0.7409719919783113,-0.07251813068107786,-1.007992505914862,-0.884933038861775,0.06593920819295708,-0.9290704789496697,0.31305585792356855,-0.1440220512363448
0.17894462610088546,0.3737472888947892,0.11983127692694158,0.16215903606843257,-0.3549493547408125,-0.8460519728611693,0.8636047397412314,1.2803718620901419
0.22537297371684673,-0.7360443466294065,-1.0784814923424746,-0.9784234026948292,1.4689010846388557,0.46564042333713807,-0.2374930238940942,-0.22315504642114958
0.03232879152416565,-0.7771477405377101,-0.9375035194872492,-0.6044619473626123,0.6271239587713165,0.5362061535123634,-0.5127674648029257,-0.7770860127147833
0.982888119029899,-0.8476107015233734,0.8952101276306815,-1.015819548228051,0.11270460407448704,-0.8419010475567442,-0.12738324753056166,-0.06488905605153997
-1.0550719815865062,1.2486623878001075,1.0361881004859068,0.8726858011996449,0.4868277711267267,0.5777154065566137,-0.017273471167029108,-0.22315504642114958
-1.7392792096111986,1.659696326883143,-0.021146695928283867,1.844985585063409,0.20623539583754694,1.2584671564823176,0.781022407468582,0.7264408957965082
1.632884985653357,-0.9239455759245084,-0.9375035194872492,-1.0719137665278835,-1.4773188558975314,-1.5724639011355483,-1.0633163466205884,-0.3022880416059544
-0.2413540996857113,-0.512911636841473,-1.007992505914862,-1.7263463133592631,-0.5887763341484623,0.5569607800344886,0.23047352565091916,-0.9353520030843929
0.716536019548858,-1.0120242771565875,-1.0784814923424746,-0.137010128197341,-2.7399845446988405,0.10866084715658608,-0.5127674648029257,-2.5180119067804894
0.27668851581869863,0.9844262841038705,-1.007992505914862,-0.6979523111956665,-1.8046766270682413,-0.7630334667726688,1.1388791806500627,-2.5180119067804894
-0.33421079491763384,0.4148506828030928,0.6132541819202306,0.19955518160165428,0.4868277711267267,0.13356639898313621,-0.45771257662115933,0.17250992950287447
-1.7979255434418866,1.5422580585737042,0.6837431683478433,2.050664385496128,-0.027591583570102832,1.3871458409194932,0.20294608156003602,0.014243939133264844
-0.8107122572919732,0.931579063364623,2.023033910472485,1.115760747165586,0.5335931670082567,0.3245089629866873,-1.0908437907114716,1.5969038428293612
0.11541109778430687,0.16235840593779954,0.8247211412030687,-0.4735754379963363,0.2530007917190769,-0.47246869546291714,-0.017273471167029108,1.3595048572749466
-0.7642839096760119,1.5187704049118167,1.529611005479196,0.6483089280003147,1.7962588558095656,-0.23171502780626582,-0.4852400207120425,0.4099089150572889
-1.2285673858356247,1.5598737988201201,0.47227620906500517,0.7978935101332014,0.3465315834821368,0.9222422068238906,-0.9256791261661728,0.2516429246876793
1.6695389442975368,-1.0707434113113068,-0.9375035194872492,-0.9223291843949967,0.019173812311427122,-1.5517092746134231,-1.4762280079838355,-1.0936179934540025
-0.9524408973828024,1.1547117731525567,1.6705889783344214,0.6483089280003147,0.8609509381789663,0.2373395315937618,-0.1549106916214448,0.4099089150572889
-0.9695460780834196,1.301509608539355,0.6132541819202306,1.3588356931315269,0.159469999956017,0.44073487151058793,-0.8155693498026402,-0.1440220512363448
-0.7227427565459413,-0.18408448557504464,1.3181440461963578,0.19955518160165428,0.2530007917190769,1.183750501002667,-0.595349797075575,0.4099089150572889
-0.7716147014048479,0.9080914097027353,1.1066770869135196,0.49872434586742787,0.7206547505343764,0.44073487151058793,-0.6779321293482244,0.17250992950287447
0.0054492218517670195,0.391363029141205,0.754232154775456,-0.2118024192637844,0.4868277711267267,-0.6675621847708932,0.6709126311050494,0.6473079006117033
1.1808194957084708,-0.48355206976411336,-1.0784814923424746,-0.6979523111956665,0.06593920819295708,-1.3856722624364222,0.037781417014737174,-0.1440220512363448
0.17161383437204947,-0.8299949612769575,-1.007992505914862,-0.641858092895834,-0.2614185629777526,0.5362061535123634,-0.18243813571232795,-0.9353520030843929
0.8167235065096166,-0.5892465112426082,1.0361881004859068,0.5548185641672604,0.06593920819295708,-1.4354833660895225,0.31305585792356855,1.0429728765357273
1.2541274129968307,-0.8358668746924295,-1.007992505914862,-0.884933038861775,-2.7399845446988405,-0.9290704789496697,0.31305585792356855,-1.726681954932441
0.9364597714139378,-0.24867553314523594,-1.007992505914862,-0.884933038861775,-0.869368709437642,-1.0951074911266707,1.1388791806500627,-1.726681954932441
0.9951061052446257,-0.7477881734603504,1.4591220190515832,-1.0906118392944943,0.4400623752451967,-1.8754814483585749,3.974205922011026,1.5177708476445564
1.6084490132239035,-0.8945860088471488,-0.9375035194872492,-1.0719137665278835,-1.056430292963762,-1.5600111252222733,-1.1183712348023547,-0.3022880416059544
-1.3996191928417978,0.9902981975193424,0.754232154775456,1.6206087118640788,0.4868277711267267,1.2833727083088677,-0.32007535616674365,0.9638398813509226
1.737959667100006,-2.0983282590188956,1.1066770869135196,-1.4084790763268789,0.9544817299420263,-1.3649176359142972,0.395638190196218,0.7264408957965082
0.9364597714139378,-1.0120242771565875,-1.0784814923424746,0.236951327134876,-2.2723305858835405,-0.5554872015514176,0.31305585792356855,-1.726681954932441
-1.9738645449339502,2.7048969148371476,1.4591220190515832,2.0319663127295176,2.030085835217215,0.9139403562150406,-1.5037554520747187,1.5177708476445564
1.5840130407944502,-0.8652264417697891,-1.0784814923424746,-1.0719137665278835,-0.1678877712146927,-1.5932185276576734,-1.2009535670750042,-0.5396870271603689
0.9120237989844845,-0.6597094722282714,-1.007992505914862,-0.510971583529558,0.5335931670082567,-1.0535982380824205,0.5883302988324,0.6473079006117033
-0.48815742122318967,0.9668105438574547,0.8952101276306815,0.8352896556664232,-0.40171475062234246,0.14186824959198627,-1.0357889025297053,0.3307759198724841
-0.43195468463544706,1.0431454182585898,0.1903202633545543,1.340137620364916,-0.4952455423854024,-0.11964004458679019,-0.3476028002576268,-0.856219007899588
1.5717950545797237,-0.7184286063829908,-1.007992505914862,-1.4458752218601005,-2.2723305858835405,-1.5932185276576734,-0.2374930238940942,1.5969038428293612
-0.6176680750992921,0.4559540767113963,-0.30310264163873474,0.9848742377993099,-1.2434918764898817,0.9056385056061905,-1.2560084552567703,-0.46055403197556405
-0.7838326876195746,0.3854911157257331,1.0361881004859068,0.7231012190667581,0.29976618760060686,0.7396014934291896,-0.12738324753056166,0.17250992950287447
-1.0868387457447954,1.0959926389978372,1.0361881004859068,0.5922147097004821,0.06593920819295708,0.8682801778663654,-0.37513024434850994,0.2516429246876793
-1.9469849752615518,2.387813590401663,1.1066770869135196,0.8352896556664232,1.5156664805203857,0.5818663318610388,2.8180532701939343,1.122105871720532
0.9853317162728443,-0.8945860088471488,-1.007992505914862,-0.510971583529558,0.5335931670082567,-0.9705797319939199,0.8636047397412314,-0.9353520030843929
-0.45639065706490034,-0.8065073076150697,-1.0784814923424746,-0.04351976436428676,1.141543313468146,1.333183811961968,0.5883302988324,-0.856219007899588
-0.6665400199581988,0.6967025267457456,-0.4440806144939602,0.9661761650326991,0.3465315834821368,0.7063940909937895,-1.6138652284382513,0.2516429246876793
0.3133424744628786,0.19758988643063116,0.8952101276306815,-0.5670658018293906,0.4868277711267267,-0.9996362091248951,0.9461870720138807,1.0429728765357273
-1.3556344424687818,1.295637695123883,0.47227620906500517,0.9848742377993099,-0.21465316709622265,1.0550718165654913,0.42316563428710113,0.17250992950287447
-0.4197366984207204,-0.788891567368654,-1.007992505914862,-0.45487736522972544,0.8141855422974363,1.3165801107442678,1.0562968483774133,-0.6188200223451736
1.6695389442975368,-0.7184286063829908,-1.007992505914862,-2.10030776869148,-1.8046766270682413,-1.717746286790424,-0.5127674648029257,1.4386378524597514
-0.5028190046808616,0.35613154864837343,1.0361881004859068,0.5361204914006495,0.06593920819295708,0.5279043029035134,-1.0357889025297053,0.014243939133264844
1.0097676887022977,-1.8340921553226583,-0.9375035194872492,-0.3239908558634495,-2.7399845446988405,-0.30643168328591625,3.0658002670118827,-2.5180119067804894
-0.8766893828514971,0.7906531413932966,0.5427651954926179,0.853987728433034,-0.2614185629777526,0.6524320620362641,-0.017273471167029108,0.014243939133264844
-0.6396604502858001,0.4148506828030928,1.6705889783344214,-0.510971583529558,1.281839501112736,0.27054693402916197,0.6158577429232831,0.6473079006117033
-0.5541345467827136,-0.4718082429331695,-1.007992505914862,-0.30529278309683866,1.0480125217050862,1.6112958073584445,0.2580009697418023,-0.5396870271603689
1.522923109720817,-0.7771477405377101,-1.007992505914862,-0.884933038861775,0.06593920819295708,-1.8630286724453,-0.37513024434850994,1.0429728765357273
0.029885194281220318,0.12712692544496793,0.47227620906500517,0.44263012756759534,-0.21465316709622265,-0.15284744702219039,-0.6504046852573413,-0.3022880416059544
-1.1845826354626088,1.0548892450895337,0.8247211412030687,1.489722202497803,-0.3549493547408125,1.0592227418699163,-0.5678223529846919,0.3307759198724841
-0.040979125764194255,-0.6831971258901591,-1.0784814923424746,-0.4735754379963363,0.3465315834821368,0.7645070452557398,0.06530886110562031,-0.46055403197556405
-0.7667275069189573,0.6438553060064982,0.47227620906500517,0.8726858011996449,0.2530007917190769,0.6773376138628142,-0.2099655798032111,0.3307759198724841
0.21315498750212009,0.12712692544496793,0.5427651954926179,-0.17440627373056272,0.5803585628897866,-0.8211464210346191,0.42316563428710113,1.122105871720532
1.3909688586017692,-0.9826647100792278,0.6837431683478433,-1.6515540222928198,0.7206547505343764,-1.165673221301896,0.14789119337826973,0.8055738909813129
1.5840130407944502,-0.8652264417697891,-1.0784814923424746,-1.258894494193992,-0.2614185629777526,-1.5849166770488234,-1.0633163466205884,-0.1440220512363448
0.23514736268862804,-1.064871497895835,-0.9375035194872492,-0.3613870013966712,0.3465315834821368,0.5403570788167885,-0.04480091525791225,-0.1440220512363448
1.6451029718680834,-0.9533051430018682,-1.0784814923424746,-0.9784234026948292,-0.6355417300299923,-1.5849166770488234,-1.1183712348023547,-0.7770860127147833
1.0073240914593524,-1.4817773503943423,2.1640118833277104,-1.389781003560268,0.4868277711267267,-0.7007695872062935,0.6984400751959325,0.9638398813509226
0.8387158816961245,-0.6597094722282714,-1.0784814923424746,-0.6979523111956665,-2.2723305858835405,-0.6385057076399181,1.964702503376557,-2.5180119067804894
0.42330435039541847,-1.3056199479301842,-1.0784814923424746,-0.6979523111956665,-2.2723305858835405,0.274697859333587,3.341074707920714,-1.726681954932441
-1.6146557502209868,1.1840713402299163,0.6132541819202306,0.8352896556664232,0.019173812311427122,1.5365791518787941,0.7259675192868157,-0.3814210367907592
-0.742291534489504,0.4383383364649805,0.5427651954926179,1.3027414748316943,-0.40171475062234246,0.6648848379495392,0.2580009697418023,0.4099089150572889
-0.4808266294943537,1.0079139377657582,1.8820559376172596,0.12476289053521088,1.9833204393356854,-0.2524696543283909,-0.5127674648029257,0.6473079006117033
0.6578896857181702,-0.7243005197984627,1.3886330326239704,-0.9036311116283858,0.2530007917190769,-0.9166177030363947,2.1023397238309727,1.0429728765357273
-1.1332670933607567,1.0020420243502863,1.1771660733411324,0.853987728433034,0.20623539583754694,0.9388459080415907,-0.5402949088938087,0.09337693431806966
1.2541274129968307,0.04492013762836084,-1.0784814923424746,-0.6979523111956665,-1.3370226682529416,-1.6347277807019236,-0.2374930238940942,-1.726681954932441
0.73119760300653,-0.45419250268675365,0.8952101276306815,-0.5483677290627798,0.06593920819295708,-0.6966186619018684,-0.7605144616208739,0.014243939133264844
0.3499964331070586,-0.3073946672999553,-1.007992505914862,0.04997059946876749,-2.2723305858835405,0.10866084715658608,-0.2374930238940942,-2.5180119067804894
1.0097676887022977,-0.6597094722282714,-1.0784814923424746,-0.510971583529558,0.5335931670082567,-1.0535982380824205,0.037781417014737174,-0.9353520030843929
0.14717786194259616,-0.7301724332139347,-0.9375035194872492,-0.6605561656624448,0.159469999956017,0.5237533775990884,0.06530886110562031,-0.22315504642114958
0.9853317162728443,-0.36611380145467465,-0.9375035194872492,-0.510971583529558,0.5335931670082567,-1.4271815154806724,1.4141536215588941,-0.9353520030843929
-1.2994317058810392,1.213430907307276,0.8952101276306815,1.0409684560991426,0.3465315834821368,1.0052607129123912,-0.2925479120758605,0.014243939133264844
-1.2065750106491167,1.113608379244253,0.3312982362097797,1.0035723105659209,0.019173812311427122,1.0218644141300912,-0.2925479120758605,-0.1440220512363448
-1.424055165271251,1.3191253487857708,0.9656991140582942,0.7604973645999797,0.019173812311427122,1.1712977250893921,0.36811074610533484,1.7551698331989707
0.8387158816961245,-0.424832935609394,-1.0784814923424746,-1.0719137665278835,1.4689010846388557,-0.9705797319939199,0.5883302988324,-0.1440220512363448
0.264470529603972,-0.6714532990592152,-0.9375035194872492,-0.7914426750287208,1.281839501112736,0.3162071123778372,-0.8155693498026402,0.3307759198724841
0.03232879152416565,-0.612734164904496,-1.0784814923424746,-0.8475368933285533,1.3753702928757958,0.6814885391672393,-0.7054595734391076,-0.1440220512363448
0.24003455717451871,0.14474266569138375,1.3181440461963578,-0.6044619473626123,0.5335931670082567,-0.7132223631195685,0.5057479665597505,0.8847068861661178
0.03965958325300164,0.3091562413245979,1.3886330326239704,0.03127252670215663,0.29976618760060686,-0.6841658859885933,0.42316563428710113,1.9925688187533852
-0.7325171455177226,-0.11362152458938142,-0.9375035194872492,-0.2865947103302278,0.29976618760060686,1.4577115710947186,0.4506930783779843,-0.7770860127147833
-0.6152244778563468,0.573392345020835,0.6132541819202306,0.5548185641672604,-0.1678877712146927,0.5154515269902383,-0.017273471167029108,0.8055738909813129
-0.45639065706490034,-0.5716307709961924,-1.007992505914862,-0.5483677290627798,0.11270460407448704,1.3705421397017932,0.6158577429232831,-0.9353520030843929
0.2155985847450654,0.07427970470572051,0.8247211412030687,-1.0345176209946618,0.39329697936366675,-0.642656632944343,1.4967359538315437,0.9638398813509226
-0.48815742122318967,1.207558993891804,0.754232154775456,1.4336279841979704,0.20623539583754694,-0.30643168328591625,-1.0908437907114716,0.09337693431806966
-0.3781955452906498,0.23282136692346278,0.40178722263739247,1.489722202497803,-0.30818395885928257,0.47394227394598815,-0.6504046852573413,0.4099089150572889
-1.0868387457447954,0.2386932803389347,0.8247211412030687,1.1905530382320293,0.5335931670082567,1.3248819613531178,-0.7329870175299907,0.8847068861661178
-0.9915384532699276,0.749549747484993,0.754232154775456,0.6670070007669255,0.29976618760060686,1.2294106793513424,-1.4487005638929524,-0.3022880416059544
0.1911626123156121,0.8728599292099037,0.6132541819202306,1.0409684560991426,0.5335931670082567,-1.5558601999178483,0.4506930783779843,1.201238866905337
1.2296914405673773,-1.1294625454660263,-1.007992505914862,-0.6979523111956665,-2.2723305858835405,-0.7215242137284186,0.5883302988324,-1.726681954932441
0.08364433362601759,-0.5305273770878888,-1.0784814923424746,-0.5670658018293906,0.29976618760060686,0.4863950498592632,-0.09985580343967852,-0.3022880416059544
1.4251792200030038,-0.8358668746924295,-1.007992505914862,-1.258894494193992,0.06593920819295708,-1.3026537563479217,-0.2374930238940942,-1.726681954932441
-0.48815742122318967,0.2974124144936541,0.8247211412030687,0.480026273100817,0.06593920819295708,0.5445080041212135,-0.8981516820752896,0.4099089150572889
1.5717950545797237,-0.8358668746924295,-1.007992505914862,-1.258894494193992,-0.5420109382669324,-1.5932185276576734,-1.0633163466205884,-0.3022880416059544
-0.39774432323421244,-0.5951184246580801,-0.9375035194872492,-0.754046529495499,0.6271239587713165,1.341485662570818,0.12036374928738659,-0.5396870271603689
-1.1479286768184287,1.4306917036797375,0.40178722263739247,1.115760747165586,-0.4952455423854024,0.8848838790840654,-0.7054595734391076,0.3307759198724841
-1.0843951485018501,0.5381608645280034,0.3312982362097797,0.8726858011996449,0.5335931670082567,1.2667690070911675,-0.8430967938935233,0.3307759198724841
1.0586396335612043,-1.1881816796207456,-1.007992505914862,-0.510971583529558,-2.7399845446988405,-0.3479409363301665,0.037781417014737174,-2.5180119067804894
-1.9616465587192236,1.495282751249929,0.1903202633545543,2.218947040395626,-0.2614185629777526,1.6860124628380948,0.6158577429232831,-0.22315504642114958
-1.0379668008858889,-0.32501040754637106,-1.007992505914862,-0.30529278309683866,1.7027280640465055,2.0180864871920967,0.3405833020144517,-0.7770860127147833
-0.9622152863545836,1.5305142317427605,1.3181440461963578,1.4336279841979704,0.11270460407448704,0.24979230750703688,-1.1183712348023547,0.014243939133264844
-1.6268737364357135,1.6185929329748394,0.260809249782167,1.5084202752644138,-0.7290725217930522,1.358089363788518,0.5608028547415168,-0.5396870271603689
-0.3953007259912671,-0.6479656453973275,-1.0784814923424746,-0.4361792924631146,-0.027591583570102832,1.366391214397368,0.3405833020144517,-1.331016979008417
1.3518713027146438,-0.424832935609394,-1.0784814923424746,-1.0719137665278835,-1.8046766270682413,-1.4271815154806724,0.037781417014737174,-1.726681954932441
0.7654079644077647,-1.246900813775465,-0.9375035194872492,-0.6979523111956665,-2.7399845446988405,0.10866084715658608,0.8636047397412314,-2.5180119067804894
0.05187756946772829,0.5557766047744193,1.3181440461963578,0.236951327134876,1.3286048969942659,-0.6675621847708932,-0.980734014347939,0.3307759198724841
0.7409719919783113,-0.5422712039188327,-1.007992505914862,0.9848742377993099,-2.2723305858835405,-0.5554872015514176,-0.2374930238940942,-1.726681954932441
-0.4270674901495564,0.5322889511125315,1.0361881004859068,0.5548185641672604,-0.027591583570102832,0.15847195080968635,0.14789119337826973,0.4890419102420937
1.5840130407944502,-0.8652264417697891,-1.0784814923424746,-1.0719137665278835,-0.40171475062234246,-1.5724639011355483,-1.3385907875294198,-0.9353520030843929
0.5699201849721383,-1.4817773503943423,-1.007992505914862,-0.6979523111956665,-2.7399845446988405,0.23318860628933677,2.790525826103051,-2.5180119067804894
-0.3048876280022899,0.9726824572729266,0.9656991140582942,0.4052339820343736,0.8141855422974363,-0.3188844591991913,-0.6779321293482244,-0.22315504642114958
-0.7300735482747773,0.9139633231182073,1.0361881004859068,0.9100819467328666,-0.2614185629777526,0.5279043029035134,-1.2009535670750042,1.2803718620901419
-0.7838326876195746,0.6908306133302737,0.04934229049932885,0.7604973645999797,-0.027591583570102832,0.7520542693424647,-0.04480091525791225,-0.22315504642114958
-0.9988692449987636,0.9257071499491512,0.1903202633545543,1.0596665288657534,-0.6823071259115222,0.8516764766486652,-0.45771257662115933,-0.22315504642114958
-0.49793181019497096,-0.5540150307497765,-1.0784814923424746,-0.4922735107629472,0.4400623752451967,1.3539384384840931,0.6984400751959325,-0.5396870271603689
-0.35864676734708717,0.8023969682242404,1.1066770869135196,0.5735166369338712,0.4868277711267267,-0.10718726867351512,-0.37513024434850994,0.4890419102420937
-0.9622152863545836,0.9080914097027353,0.9656991140582942,1.0222703833325317,0.4400623752451967,0.4863950498592632,0.36811074610533484,0.9638398813509226
-0.6103372833704561,1.301509608539355,0.1903202633545543,1.0409684560991426,-0.5887763341484623,0.12526454837428616,-0.8981516820752896,-0.3814210367907592
1.6695389442975368,-0.5422712039188327,-1.0784814923424746,-1.4458752218601005,-1.8046766270682413,-1.6762370337461738,-0.788041905711757,-1.726681954932441
-1.0550719815865062,1.0842488121668934,0.754232154775456,0.7791954373665906,-0.07435697945163279,0.8309218501265401,-0.595349797075575,0.17250992950287447
-0.8155994517778639,1.0959926389978372,0.754232154775456,1.4149299114313596,0.9077163340604963,0.4116783943796128,-1.4487005638929524,0.4890419102420937
-0.16071539066851542,0.8787318426253756,0.9656991140582942,-0.3239908558634495,0.06593920819295708,-0.6468075582487681,1.0838242924682966,0.5681749054268985
-0.18759496034091405,0.2034617998461031,1.247655059768745,-0.4922735107629472,0.29976618760060686,-0.3562427869390165,1.964702503376557,3.337829736895067
0.960895743843391,-1.5404964845490616,-0.9375035194872492,-0.6979523111956665,-2.7399845446988405,0.15017010020083632,-0.2374930238940942,-2.5180119067804894
0.1765010288579401,0.26805284741629437,0.5427651954926179,-0.754046529495499,-0.2614185629777526,-0.8834103006009945,2.8455807142848175,0.9638398813509226
0.5943561574015915,0.3385158084019576,-1.007992505914862,-1.258894494193992,1.9365550434541554,-1.3026537563479217,0.8636047397412314,3.021297756155848
1.559577068364997,-0.8065073076150697,-1.0784814923424746,-1.2962906397272136,-1.1499610847268218,-1.5932185276576734,-0.8430967938935233,0.2516429246876793
-0.505262601923807,-0.18408448557504464,-0.021146695928283867,0.7604973645999797,0.2530007917190769,0.9637514598681408,-1.0633163466205884,0.8847068861661178
-0.39041353150537644,0.667342959668386,1.3886330326239704,1.0035723105659209,0.06593920819295708,-0.2109604012841407,0.781022407468582,0.6473079006117033
0.6016869491304275,-0.3719857148701466,1.1066770869135196,-0.9597253299282184,0.4868277711267267,-1.0619000886912704,2.1573946120127387,0.8847068861661178
1.1563835232790174,-1.1294625454660263,-1.0784814923424746,-0.6979523111956665,-2.2723305858835405,-0.6800149606841683,0.5883302988324,-1.726681954932441
0.9413469658998285,-1.5581122247954775,2.1640118833277104,-1.3523848580270463,0.20623539583754694,-0.626052931726643,1.2214615129227122,1.0429728765357273
-0.12894862651022612,0.43246642304950855,0.5427651954926179,-0.006123618831065064,0.4400623752451967,-0.47661962076734216,0.5883302988324,1.201238866905337
-0.505262601923807,0.9080914097027353,0.04934229049932885,1.0222703833325317,-0.21465316709622265,0.15017010020083632,-0.6228772411664582,0.17250992950287447
-2.000744114606349,1.7301592878688064,0.260809249782167,2.480720059128178,-0.6355417300299923,1.6029939567495943,0.09283630519650345,-0.06488905605153997
-0.07274588992248354,0.673214873083858,-0.09163568235589659,1.2466472565318618,-0.5887763341484623,-0.3686955628522916,-0.8706242379844065,-0.5396870271603689
0.03232879152416565,-0.43070484902486594,-1.0784814923424746,-0.5483677290627798,0.2530007917190769,0.5154515269902383,-0.4301851325302762,0.4890419102420937
-1.0550719815865062,1.0607611585050056,0.11983127692694158,1.227949183765251,0.06593920819295708,0.9056385056061905,-0.5678223529846919,-0.1440220512363448
-0.7251863537888866,0.7965250548087686,0.6837431683478433,0.8165915828998123,-0.21465316709622265,0.3037543364645622,-0.2925479120758605,0.7264408957965082
1.278563385426284,-0.8945860088471488,-1.007992505914862,-0.884933038861775,0.5335931670082567,-1.3026537563479217,0.31305585792356855,-0.1440220512363448
-0.5419165605679869,-0.6890690393056311,-1.007992505914862,-0.5857638745960014,0.7674201464159064,1.6112958073584445,0.20294608156003602,-0.9353520030843929
-0.07274588992248354,-0.22518787948334817,1.741077964762034,0.14346096330182173,1.7027280640465055,-0.39360111467884173,0.9461870720138807,0.9638398813509226
-1.490032290830775,1.4013321366023779,-0.021146695928283867,1.1344588199321968,-0.3549493547408125,1.183750501002667,1.3040438451953615,0.17250992950287447
0.716536019548858,-0.9533051430018682,-1.0784814923424746,-0.510971583529558,-2.7399845446988405,0.02564234106808562,0.037781417014737174,-1.726681954932441
-1.0746207595300687,0.9139633231182073,0.3312982362097797,1.0409684560991426,0.11270460407448704,0.9305440574327407,-0.3476028002576268,-0.3022880416059544
-1.0184180229423263,0.8023969682242404,0.9656991140582942,0.5361204914006495,0.20623539583754694,0.9346949827371657,0.3405833020144517,0.8055738909813129
-0.00921236160590496,-1.076615324726779,-1.007992505914862,-0.5857638745960014,-0.5420109382669324,0.7645070452557398,-0.26502046798497736,-0.7770860127147833
-0.5883449081839481,0.7906531413932966,0.6837431683478433,0.8352896556664232,-0.6355417300299923,0.2913015605512871,0.17541863746915287,0.2516429246876793
-0.35864676734708717,0.42072259621856467,1.4591220190515832,-0.06221783713089761,0.11270460407448704,-0.23171502780626582,1.386626177468011,1.2803718620901419
-1.3898448038700164,1.313253435370299,-0.1621246687835093,0.9661761650326991,0.29976618760060686,1.175448650393817,0.31305585792356855,0.7264408957965082
0.7654079644077647,-0.6009903380735521,-1.0784814923424746,-0.510971583529558,1.4689010846388557,-0.8460519728611693,0.31305585792356855,-0.1440220512363448
-0.7496223262183399,0.8023969682242404,0.5427651954926179,0.9848742377993099,-0.6355417300299923,0.6067718836875888,-1.3110633434385366,0.5681749054268985
1.5962310270091769,-0.9239455759245084,-1.007992505914862,-1.0719137665278835,-0.027591583570102832,-1.5517092746134231,-1.2009535670750042,-0.7770860127147833
-0.8424790214502625,1.6009771927284238,0.754232154775456,2.1628528220957937,0.6271239587713165,-0.5222797991160174,-0.07232835934879539,-0.1440220512363448
-0.9377793139251304,0.479441730373284,1.8115669511896468,0.8165915828998123,0.8141855422974363,0.8890348043884905,0.010253972923854032,1.201238866905337
1.6451029718680834,-0.9239455759245084,-0.9375035194872492,-1.1654041303609377,-0.7758379176745821,-1.5600111252222733,-1.2009535670750042,0.2516429246876793
2.695849786334575,-3.6543853141189584,-0.9375035194872492,-0.884933038861775,-1.8046766270682413,-1.3856722624364222,0.037781417014737174,-2.5180119067804894
1.5840130407944502,-0.8241230478614856,-0.9375035194872492,-1.6889501678260415,-0.869368709437642,-1.5932185276576734,-0.5127674648029257,0.6473079006117033
-0.43195468463544706,0.18584605959968728,-0.30310264163873474,0.7417992918333689,-0.30818395885928257,0.8433746260398152,-1.7239750048017837,-0.7770860127147833
-1.1528158713043195,1.2838938682929393,0.8952101276306815,1.340137620364916,-0.3549493547408125,0.8018653729955649,-0.2099655798032111,0.4099089150572889
-0.5834577136980575,-0.6597094722282714,-1.0784814923424746,-0.6979523111956665,0.7674201464159064,1.6569559857071197,0.31305585792356855,-0.6979530175299785
0.6187921298310448,-0.13123726483579723,-1.007992505914862,-1.0719137665278835,1.4689010846388557,-0.8460519728611693,0.5883302988324,0.6473079006117033
-0.19003855758385937,0.6967025267457456,0.40178722263739247,0.5922147097004821,0.06593920819295708,-0.7215242137284186,1.8545927270130245,0.3307759198724841
0.18138822334383078,-0.7419162600448785,-1.0784814923424746,-0.641858092895834,0.4400623752451967,0.4988478257725383,-0.45771257662115933,0.2516429246876793
0.19360620955855742,-0.606862251489024,-0.9375035194872492,-0.3613870013966712,0.159469999956017,0.37432006663978756,-0.45771257662115933,-0.3022880416059544
-0.7496223262183399,0.3385158084019576,0.1903202633545543,0.5548185641672604,-0.3549493547408125,1.158844949176117,-1.008261458438822,-0.46055403197556405
1.5473590821502703,-0.8358668746924295,-1.007992505914862,-1.2962906397272136,-0.7758379176745821,-1.5932185276576734,-0.9256791261661728,0.2516429246876793
1.6695389442975368,-1.8223483284917146,0.8952101276306815,-1.1467060575943269,-0.12112237533316275,-1.518501872178023,0.9737145161047639,1.3595048572749466
0.18138822334383078,-0.3191384941308992,-1.007992505914862,-0.7166503839622773,1.3286048969942659,0.47809319925041316,-0.7605144616208739,0.17250992950287447
0.10808030605547088,0.3502596352329015,1.1066770869135196,-0.19310434649717356,0.11270460407448704,-0.6011473799000929,-0.37513024434850994,1.2803718620901419
-0.8571406049079345,1.6949278073759746,0.47227620906500517,1.1718549654654185,-0.40171475062234246,0.009038639850385525,0.2580009697418023,0.3307759198724841
0.7654079644077647,-1.0120242771565875,-1.0784814923424746,0.236951327134876,-1.8046766270682413,-0.4309594424186669,1.1388791806500627,-1.726681954932441
1.1808194957084708,-0.3073946672999553,-1.0784814923424746,-0.884933038861775,-0.869368709437642,-1.2611445033036714,-0.2374930238940942,-1.726681954932441
-0.2877824473016726,0.9433228901955669,1.6705889783344214,0.012574453935545786,1.6091972722834456,-0.47246869546291714,-0.4852400207120425,0.4890419102420937
1.0757448142618216,-1.9221708565547375,2.798412761176225,-1.4645732946267114,0.5803585628897866,-0.7132223631195685,1.6343731742859593,1.3595048572749466
-0.3293236004317432,0.6438553060064982,1.1771660733411324,0.9287800194994774,0.29976618760060686,-0.13209282050006527,-0.8155693498026402,0.17250992950287447
-0.4270674901495564,0.31502815474006984,0.8247211412030687,1.2092511109986401,0.29976618760060686,0.2871506352468621,-0.7054595734391076,0.4890419102420937
-0.734960742760668,0.46182599012686826,0.754232154775456,0.7231012190667581,1.0012471258235562,0.6773376138628142,-0.18243813571232795,0.7264408957965082
1.5840130407944502,-0.8652264417697891,-1.007992505914862,-1.258894494193992,-0.40171475062234246,-1.5849166770488234,-1.1183712348023547,-0.1440220512363448
0.1667266398861588,0.8023969682242404,-0.09163568235589659,-0.4361792924631146,0.5335931670082567,-0.8668065993832944,0.23047352565091916,0.5681749054268985
0.22537297371684673,-1.0883591515577227,-0.9375035194872492,-0.5857638745960014,1.0012471258235562,0.5113006016858134,0.20294608156003602,0.014243939133264844
-0.8766893828514971,0.5205451242815876,0.47227620906500517,1.5271183480310246,0.159469999956017,0.80601629829999,-0.32007535616674365,0.8055738909813129
0.14717786194259616,-0.8065073076150697,-1.007992505914862,-0.4361792924631146,-0.12112237533316275,0.5279043029035134,-0.1549106916214448,0.8847068861661178
-1.5315734439608455,1.6714401537140868,0.754232154775456,1.4710241297311921,1.0012471258235562,0.9180912815194656,0.5608028547415168,0.09337693431806966
1.508261526263145,-1.8869393760619058,1.9525449240448722,-1.4645732946267114,0.5335931670082567,-1.2694463539125216,1.0838242924682966,1.5177708476445564
-1.238341774807406,1.1605836865680286,0.754232154775456,1.5271183480310246,0.019173812311427122,0.8973366549973405,-0.09985580343967852,0.014243939133264844
0.264470529603972,-0.8006353941995978,-1.007992505914862,-0.8101407477953316,0.5803585628897866,0.44488579681501295,-0.4852400207120425,-0.1440220512363448
1.2296914405673773,-0.7184286063829908,-1.007992505914862,-0.6979523111956665,-2.2723305858835405,-0.9705797319939199,0.037781417014737174,-2.5180119067804894
-1.6122121529780415,1.6244648463903115,0.9656991140582942,1.5271183480310246,0.159469999956017,1.0633736671743415,0.781022407468582,0.8055738909813129
0.12029829227019753,-0.7066847795520469,-1.007992505914862,-0.6605561656624448,0.6738893546528465,0.5860172571654637,-0.5402949088938087,0.014243939133264844
-1.7221740289105814,1.7419031146997501,0.754232154775456,1.6393067846306897,0.4868277711267267,1.3539384384840931,-0.7054595734391076,1.0429728765357273
-1.5389042356896816,1.2310466475536919,1.529611005479196,1.7701932939969656,0.6271239587713165,1.3705421397017932,-0.9532065702570559,0.3307759198724841
-0.8449226186932078,-0.037286650188246256,0.6837431683478433,1.0035723105659209,0.7206547505343764,1.0218644141300912,-0.4301851325302762,1.201238866905337
-1.1039439264454127,0.9785543706883986,0.40178722263739247,0.9848742377993099,0.3465315834821368,0.8558274019530903,0.09283630519650345,0.014243939133264844
-0.0531971119789209,0.25043710716987855,1.741077964762034,-0.11831205543073016,0.4400623752451967,-0.38114833876556664,-0.37513024434850994,0.6473079006117033
0.545484212542685,-1.246900813775465,-0.9375035194872492,-0.510971583529558,-2.7399845446988405,0.19167935324508653,-0.2374930238940942,-2.5180119067804894
-0.6152244778563468,0.11538309861402406,1.529611005479196,0.9848742377993099,0.019173812311427122,0.9554496092592908,-1.3110633434385366,-0.06488905605153997
-1.446047540457759,1.0431454182585898,0.5427651954926179,1.9571740216630742,0.06593920819295708,1.0343171900433663,1.4141536215588941,0.014243939133264844
0.279132113061644,-1.064871497895835,-1.007992505914862,-0.9223291843949967,1.0947779175866161,0.6731866885583893,-0.4852400207120425,-0.1440220512363448
0.010336416337657679,0.3854911157257331,0.47227620906500517,-0.5296696562961688,0.39329697936366675,-0.816995495730194,2.2675043883762713,1.0429728765357273
0.23514736268862804,-1.1881816796207456,-1.0784814923424746,-0.8101407477953316,0.5335931670082567,0.8018653729955649,-0.4026576884393931,-0.856219007899588
0.538153420813849,-0.612734164904496,1.529611005479196,-1.015819548228051,0.8141855422974363,-1.0619000886912704,3.4511844842842465,0.9638398813509226
-0.1753769741261874,0.303284327909126,2.093522896900098,-0.641858092895834,0.8609509381789663,-0.37699741346114163,1.001241960195647,0.8847068861661178
-0.2853388500587273,0.6262395657600824,0.6132541819202306,0.7231012190667581,0.4868277711267267,-0.2524696543283909,-0.5678223529846919,0.6473079006117033
1.1343911480925095,-1.064871497895835,2.093522896900098,-1.128007984827716,1.0012471258235562,-1.2943519057390718,0.8360772956503483,1.4386378524597514
1.5571334711220517,-1.147078285712442,0.9656991140582942,-1.3523848580270463,-0.30818395885928257,-1.4562379926116475,-0.4301851325302762,-0.46055403197556405
-0.26823366935810994,0.7847812279778247,1.247655059768745,0.3678378365011519,0.5335931670082567,-0.8335991969478942,1.7169555065586086,1.5177708476445564
1.0097676887022977,-0.6597094722282714,-1.007992505914862,-0.510971583529558,1.0012471258235562,-1.2611445033036714,0.8636047397412314,-0.1440220512363448
-0.35375957286119647,-0.8006353941995978,-1.007992505914862,-0.510971583529558,0.7206547505343764,1.2377125299601923,0.8636047397412314,-0.5396870271603689
-0.9377793139251304,1.1018645524133093,0.754232154775456,0.9661761650326991,-0.12112237533316275,0.5694135559477637,-0.4026576884393931,0.09337693431806966
1.1075115784201108,-0.3073946672999553,-1.007992505914862,-0.884933038861775,-0.40171475062234246,-1.3026537563479217,0.31305585792356855,-0.9353520030843929
-1.023305217428217,0.755421660900465,0.5427651954926179,0.6670070007669255,-0.027591583570102832,1.2003542022203673,-0.8981516820752896,0.4099089150572889
-0.238910502442766,0.7260620938231054,1.3886330326239704,-0.3987831469298929,0.7674201464159064,-0.48907239668061725,0.20294608156003602,1.2803718620901419
1.632884985653357,-1.0120242771565875,-1.007992505914862,-0.9784234026948292,-0.1678877712146927,-1.5517092746134231,-1.4762280079838355,-0.9353520030843929
-0.5468037550538776,0.6086238255136667,1.529611005479196,-0.137010128197341,0.5335931670082567,-0.2856770567637911,2.4601964970124537,1.4386378524597514
0.9364597714139378,-0.36611380145467465,-1.0784814923424746,-0.884933038861775,0.5335931670082567,-1.0951074911266707,0.037781417014737174,0.6473079006117033
0.789843936837218,-1.423058216239623,-0.9375035194872492,-0.510971583529558,-2.7399845446988405,0.19167935324508653,0.5883302988324,-2.5180119067804894
1.65732095808281,-1.0413838442339471,-1.0784814923424746,-1.258894494193992,-0.40171475062234246,-1.5102000215691729,-1.4762280079838355,1.0429728765357273
-0.9451101056539664,1.0607611585050056,-0.232613655211122,1.3962318386647485,-0.5887763341484623,0.7520542693424647,-0.6504046852573413,0.3307759198724841
-0.45639065706490034,0.17410223276874343,0.3312982362097797,0.7044031463001472,-0.3549493547408125,0.5362061535123634,0.17541863746915287,0.014243939133264844
-0.6445476447716908,-0.424832935609394,-1.007992505914862,-0.5857638745960014,0.9544817299420263,1.5490319277920692,0.31305585792356855,-0.6188200223451736
-0.7007503813594333,-0.28390701363806753,-1.007992505914862,-0.41748121969650376,0.3465315834821368,1.4784661976168436,0.8085498515594651,-0.46055403197556405
-0.6885323951447068,0.4148506828030928,-0.021146695928283867,0.7044031463001472,-0.822603313556112,1.0758264430876165,-1.4762280079838355,-0.06488905605153997
-1.3849576093841258,1.8241099025163572,1.247655059768745,0.8352896556664232,1.3286048969942659,0.7188468669070645,-0.980734014347939,1.5969038428293612
0.9120237989844845,-0.7771477405377101,-1.007992505914862,-0.6979523111956665,1.0012471258235562,-0.9290704789496697,0.5883302988324,-0.1440220512363448
0.00789281909471235,-0.7595320002912943,-0.9375035194872492,-0.8662349660951641,1.4689010846388557,0.8018653729955649,-0.5678223529846919,-0.1440220512363448
-0.9499973001398571,1.3367410890321867,0.47227620906500517,1.6393067846306897,-0.1678877712146927,0.4033765437707627,-0.8706242379844065,-0.3022880416059544
-0.36109036459003246,-0.8593545283543172,-1.007992505914862,-0.006123618831065064,0.159469999956017,1.2501653058734674,0.6433851870141662,-0.3022880416059544
1.4496151924324572,-0.7184286063829908,-1.0784814923424746,-1.4458752218601005,-0.30818395885928257,-1.6139731541797986,-0.6504046852573413,0.6473079006117033
0.14962145918554148,-1.1294625454660263,-0.9375035194872492,-0.4922735107629472,1.235074105231206,0.79771444769114,-0.6504046852573413,-0.5396870271603689
-1.5291298467179002,1.677312067129559,0.5427651954926179,1.3214395475983052,-0.07435697945163279,1.0758264430876165,-0.09985580343967852,-0.22315504642114958
1.5717950545797237,-0.8358668746924295,-1.007992505914862,-1.2962906397272136,-0.7758379176745821,-1.5932185276576734,-0.9256791261661728,-0.1440220512363448
-0.7007503813594333,1.3191253487857708,1.4591220190515832,1.0222703833325317,1.188308709349676,-0.5015251725938923,1.0562968483774133,0.7264408957965082
-1.7075124454529094,2.2821191489231683,0.754232154775456,2.854681514460395,-0.027591583570102832,0.810167223604415,-0.8706242379844065,-0.3022880416059544
0.7654079644077647,-1.246900813775465,-1.007992505914862,-0.510971583529558,-2.2723305858835405,-0.09888541806466508,1.6894280624677256,-2.5180119067804894
-0.18759496034091405,-0.3778576282856185,0.8247211412030687,0.31174361820131935,-0.30818395885928257,0.5196024522946634,-0.2374930238940942,-0.06488905605153997
1.2296914405673773,-1.1881816796207456,-1.0784814923424746,-0.3239908558634495,-2.7399845446988405,-0.5969964545956679,-0.5127674648029257,-2.5180119067804894
0.26691412684691734,-0.6597094722282714,1.3886330326239704,-1.0906118392944943,0.019173812311427122,-0.1569983723266154,1.3315712892862448,0.8055738909813129
1.2199170515955962,-1.3936986491622634,1.6705889783344214,-1.520667512926544,1.281839501112736,-1.2652954286080966,1.6343731742859593,1.9134358235685804
-1.4045063873276884,2.023754958642403,0.260809249782167,1.4336279841979704,-0.30818395885928257,0.8267709248221151,-0.5678223529846919,-0.9353520030843929
-1.0892823429877407,0.9785543706883986,0.04934229049932885,1.115760747165586,0.06593920819295708,1.0343171900433663,-1.0357889025297053,0.4890419102420937
-0.4075187122059938,0.21520562667704696,0.11983127692694158,0.5548185641672604,-0.869368709437642,0.6814885391672393,-0.980734014347939,-0.06488905605153997
0.1178546950272522,0.8200127084706563,0.8247211412030687,-0.137010128197341,0.4400623752451967,-1.169824146606321,0.5883302988324,0.9638398813509226
1.4496151924324572,-0.7477881734603504,-1.0784814923424746,-1.3523848580270463,-0.12112237533316275,-1.6139731541797986,-0.788041905711757,0.5681749054268985
0.04943397222478296,-0.43657676244033783,-1.007992505914862,-0.8101407477953316,0.8609509381789663,0.5777154065566137,-0.7605144616208739,-0.22315504642114958
1.0293164666458603,-0.9298174893399804,1.1771660733411324,-1.0719137665278835,0.9544817299420263,-0.983032507907195,-0.4026576884393931,1.4386378524597514
0.279132113061644,-1.0061523637411156,-0.9375035194872492,-0.7727446022621098,0.9544817299420263,0.4905459751636882,-0.2374930238940942,-0.22315504642114958
0.13740347297081484,-1.0120242771565875,-1.0784814923424746,-0.30529278309683866,0.29976618760060686,0.6856394644716644,0.06530886110562031,-0.9353520030843929
-1.1332670933607567,1.3367410890321867,1.1066770869135196,1.115760747165586,-0.12112237533316275,0.7811107464734398,-0.37513024434850994,0.2516429246876793
-0.9524408973828024,0.6790867864993299,-0.021146695928283867,0.49872434586742787,-0.12112237533316275,1.2169579034380673,-1.2560084552567703,1.2803718620901419
-0.7984942710772466,1.2838938682929393,1.0361881004859068,1.3588356931315269,0.159469999956017,0.09205714593888599,-0.5678223529846919,-0.1440220512363448
-1.0062000367275996,0.7436778340695211,0.9656991140582942,0.9848742377993099,0.11270460407448704,0.9097894309106156,-0.595349797075575,0.09337693431806966
-0.7569531179471759,0.6849586999148017,0.47227620906500517,0.6296108552337039,0.159469999956017,0.639979286122989,-0.32007535616674365,-0.06488905605153997
1.0342036611317509,-0.9533051430018682,-1.007992505914862,-0.510971583529558,-2.2723305858835405,-0.47246869546291714,-0.2374930238940942,-1.726681954932441
0.1178546950272522,0.16823031935327148,0.6837431683478433,0.480026273100817,0.5335931670082567,-0.6883168112930184,-0.26502046798497736,1.5969038428293612
0.03721598601005631,-0.7536600868758223,-1.007992505914862,-0.45487736522972544,0.11270460407448704,0.6773376138628142,0.12036374928738659,-0.3814210367907592
-0.7031939786023786,0.42072259621856467,0.1903202633545543,0.5922147097004821,-0.2614185629777526,0.7894125970822898,0.14789119337826973,0.4890419102420937
-1.23101098307857,1.201687080476332,-0.021146695928283867,1.7701932939969656,-0.12112237533316275,1.0633736671743415,-1.2284810111658873,0.8847068861661178
-0.6567656309864174,0.8669880157944317,-0.1621246687835093,0.853987728433034,-0.6823071259115222,0.6441302114274141,-1.1183712348023547,-0.06488905605153997
-0.5492473522968229,0.43246642304950855,0.5427651954926179,0.4052339820343736,0.11270460407448704,0.4697913486415631,-0.07232835934879539,0.09337693431806966
-0.7740582986477933,-0.18408448557504464,-0.9375035194872492,-0.754046529495499,0.7674201464159064,1.6569559857071197,0.2580009697418023,-0.5396870271603689
-0.9011253552809504,1.2193028207227479,0.6837431683478433,1.2840434020650835,0.11270460407448704,0.35771636542208746,-0.5678223529846919,0.014243939133264844
-0.9035689525238958,0.8023969682242404,-0.09163568235589659,0.8165915828998123,-0.4952455423854024,1.0882792190008916,-1.2284810111658873,-0.1440220512363448
1.5962310270091769,-0.8945860088471488,-1.0784814923424746,-1.1654041303609377,-0.1678877712146927,-1.5724639011355483,-1.3385907875294198,-0.5396870271603689
-2.1082623932959437,1.4659231841725693,0.260809249782167,2.218947040395626,-0.40171475062234246,1.9848790847566966,0.2580009697418023,-0.3814210367907592
1.1563835232790174,-0.8358668746924295,-0.9375035194872492,-0.6979523111956665,-0.40171475062234246,-1.2196352502594214,1.1388791806500627,-0.1440220512363448
0.8875878265550312,-0.24867553314523594,-1.007992505914862,-0.6979523111956665,1.0012471258235562,-1.136616744170921,0.037781417014737174,-0.1440220512363448
-0.11184344580960882,-0.11362152458938142,1.0361881004859068,-0.34268892863006034,0.29976618760060686,-0.2441678037195409,1.99222994746744,1.201238866905337
-1.6586405005940028,2.276247235507696,0.754232154775456,2.3872296952951237,0.159469999956017,0.9471477586504408,-1.7239750048017837,-0.22315504642114958
