other,linolenic,eicosenoic,palmitoleic,stearic
-1.0784814923424746,-1.4686907685249226,1.4689010846388557,-0.36611380145467465,-0.3239908558634495
-1.0784814923424746,0.6482811367318391,0.39329697936366675,-0.788891567368654,-0.7353484567288882
0.8247211412030687,-0.804542719816919,0.4400623752451967,1.0548892450895337,-0.06221783713089761
-1.0784814923424746,-0.9290704789496697,-1.3370226682529416,0.6908306133302737,-0.884933038861775
0.6132541819202306,0.8724311031707903,-0.7758379176745821,0.5029293840351718,0.9661761650326991
0.6132541819202306,0.4033765437707627,0.39329697936366675,0.6790867864993299,0.5922147097004821
-0.9375035194872492,0.5196024522946634,0.6738893546528465,-0.9239455759245084,-0.7727446022621098
0.3312982362097797,1.4618624963991436,-0.3549493547408125,1.2604062146310515,2.0319663127295176
0.260809249782167,-0.6509584835531932,-0.12112237533316275,0.5968799986827228,1.097062674398975
-0.9375035194872492,1.6860124628380948,1.141543313468146,-0.38960145511656236,-0.5670658018293906
-0.021146695928283867,0.7105450162982144,0.6738893546528465,0.6086238255136667,1.0783646016323643
-1.007992505914862,1.3954476915283434,0.39329697936366675,-0.5716307709961924,-0.6231600201292231
0.6837431683478433,0.6648848379495392,0.4400623752451967,0.6379833925910263,0.5174224186340387
0.47227620906500517,-1.518501872178023,-0.3549493547408125,-0.28977892705353947,0.3491397637345411
-1.0784814923424746,0.7437524187336146,0.7206547505343764,-0.9826647100792278,-0.5483677290627798
-1.007992505914862,-1.5724639011355483,0.29976618760060686,-0.9826647100792278,-1.1654041303609377
-1.007992505914862,-1.5932185276576734,-1.1031956888452918,-0.8065073076150697,-1.4458752218601005
1.8820559376172596,0.3162071123778372,1.3753702928757958,0.6262395657600824,0.7978935101332014
0.40178722263739247,-0.13209282050006527,-0.12112237533316275,-0.2662912733916517,0.21825325436826512
0.260809249782167,0.4241311702928878,-0.1678877712146927,0.6086238255136667,0.5174224186340387
-0.021146695928283867,0.80601629829999,-0.027591583570102832,1.8006222488544694,1.2466472565318618
-1.007992505914862,-1.5932185276576734,-1.8046766270682413,-0.7477881734603504,-1.3523848580270463
-1.0784814923424746,0.5860172571654637,0.8609509381789663,-0.8241230478614856,-0.3987831469298929
-1.0784814923424746,-1.5849166770488234,-1.2434918764898817,-0.8065073076150697,-1.2962906397272136
0.04934229049932885,0.980355161085841,0.06593920819295708,0.6027519120981947,0.5922147097004821
-1.007992505914862,-1.9668018050559255,0.29976618760060686,-0.7184286063829908,-0.9784234026948292
-0.1621246687835093,1.0177134888256663,-0.4952455423854024,0.4031068559721489,0.5361204914006495
-1.0784814923424746,-1.136616744170921,1.4689010846388557,-1.246900813775465,-0.510971583529558
-1.007992505914862,-1.4686907685249226,0.5335931670082567,-0.48355206976411336,-0.884933038861775
-0.9375035194872492,-1.4686907685249226,-1.3370226682529416,-1.0707434113113068,-0.510971583529558
-0.9375035194872492,-1.5849166770488234,-0.869368709437642,-0.9239455759245084,-1.1093099120611052
0.6837431683478433,-0.9415232548629447,-0.21465316709622265,0.5322889511125315,-0.5857638745960014
0.6132541819202306,0.8765820284752154,-0.40171475062234246,1.031401591427646,0.9100819467328666
-0.1621246687835093,0.988657011694691,0.06593920819295708,0.09189544495213632,0.6670070007669255
0.8247211412030687,1.3539384384840931,0.159469999956017,2.6285620404360124,2.6677007867942866
1.9525449240448722,-0.8751084499921444,0.159469999956017,-1.4054424759932072,-1.2962906397272136
-1.007992505914862,0.7852616717778649,0.3465315834821368,-1.1294625454660263,-0.45487736522972544
-1.007992505914862,-0.015866911976164612,-2.7399845446988405,-1.1881816796207456,-0.3239908558634495
0.6132541819202306,-0.8294482716434691,0.29976618760060686,-1.7988606748298268,-1.614157876759598
-1.007992505914862,0.5901681824698888,-0.027591583570102832,-0.8241230478614856,-0.4361792924631146
-1.0784814923424746,0.6565829873406891,0.6271239587713165,-0.7477881734603504,-0.7353484567288882
-0.9375035194872492,0.5486589294256385,1.4689010846388557,-1.1177187186350823,0.14346096330182173
0.8247211412030687,1.349787513179668,-0.21465316709622265,1.3484849158631305,1.4336279841979704
0.9656991140582942,-1.00378713442932,0.7674201464159064,-1.593343705288309,-1.0719137665278835
0.47227620906500517,1.3746930650062181,1.0947779175866161,2.9926206721952724,1.7514952212303547
-1.007992505914862,-0.7630334667726688,1.9365550434541554,-0.3073946672999553,-0.6979523111956665
0.260809249782167,0.35771636542208746,0.11270460407448704,0.5322889511125315,0.3678378365011519
0.8247211412030687,-0.6841658859885933,-0.07435697945163279,-0.28390701363806753,-0.2865947103302278
0.8247211412030687,0.8267709248221151,-0.07435697945163279,1.207558993891804,1.4710241297311921
-1.007992505914862,-1.3026537563479217,0.5335931670082567,-0.7771477405377101,-0.884933038861775
-1.0784814923424746,-1.0951074911266707,1.9365550434541554,-0.8358668746924295,-0.6979523111956665
0.6132541819202306,0.0754534447211859,-0.21465316709622265,-0.15472491849768497,1.6954010029305222
0.3312982362097797,0.6856394644716644,0.4400623752451967,2.1000898330435382,2.125456676562572
-1.007992505914862,0.3037543364645622,1.0480125217050862,-0.6655813856437434,-0.8662349660951641
-0.9375035194872492,-0.18190392415316553,-2.7399845446988405,-1.3056199479301842,-0.6979523111956665
2.9393907340314507,-1.2030315490417212,0.2530007917190769,-1.857579808984546,-1.4084790763268789
-0.9375035194872492,1.507522674747819,0.5803585628897866,-0.5422712039188327,-0.6044619473626123
0.04934229049932885,0.7063940909937895,-0.027591583570102832,1.3543568292786023,0.6857050735335364
-1.0784814923424746,-0.804542719816919,1.4689010846388557,-0.424832935609394,-0.6979523111956665
-1.007992505914862,-1.530954648091298,-0.4952455423854024,-0.9415613161709243,-1.4645732946267114
-0.30310264163873474,1.0218644141300912,-0.07435697945163279,0.31502815474006984,0.6670070007669255
-0.9375035194872492,-1.717746286790424,0.06593920819295708,-0.5422712039188327,-0.6979523111956665
-0.9375035194872492,-0.6385057076399181,-2.7399845446988405,-1.5992156187037811,-0.6979523111956665
-1.0784814923424746,0.5652626306433386,1.4221356887573258,-1.0883591515577227,-0.4922735107629472
-1.0784814923424746,1.3207310360486928,0.06593920819295708,-0.8534826149388453,-0.7166503839622773
0.6837431683478433,-1.526803722786873,-0.4484801465038724,-0.04315856360371819,0.12476289053521088
-1.007992505914862,-1.5849166770488234,-0.6355417300299923,-0.9533051430018682,-0.9784234026948292
-1.007992505914862,0.8350727754309651,0.7206547505343764,-0.7184286063829908,-0.6792542384290556
0.6837431683478433,0.34111266420438735,-0.07435697945163279,0.7965250548087686,0.8726858011996449
-1.007992505914862,-1.5932185276576734,-0.962899501200702,-0.8358668746924295,-1.258894494193992
0.9656991140582942,-0.5637890521602676,-0.12112237533316275,0.13299883886043987,-0.45487736522972544
-0.30310264163873474,0.980355161085841,0.019173812311427122,0.479441730373284,0.236951327134876
-0.9375035194872492,-0.264922430241666,-2.7399845446988405,-1.246900813775465,-0.6979523111956665
-1.007992505914862,0.6482811367318391,0.019173812311427122,-0.7595320002912943,-0.34268892863006034
-1.0784814923424746,-1.9045379254895503,0.06593920819295708,-0.7184286063829908,-0.884933038861775
-0.9375035194872492,0.02564234106808562,-2.2723305858835405,-0.9533051430018682,-0.137010128197341
-0.9375035194872492,-0.7215242137284186,-2.2723305858835405,-1.0120242771565875,-0.510971583529558
1.3886330326239704,0.12526454837428616,0.5335931670082567,1.0959926389978372,1.2092511109986401
-0.9375035194872492,0.8267709248221151,1.3753702928757958,-0.8299949612769575,-0.3613870013966712
-0.09163568235589659,0.8807329537796403,0.019173812311427122,2.6990250014216755,2.6677007867942866
-1.007992505914862,-1.5102000215691729,-0.869368709437642,-0.48355206976411336,-1.0719137665278835
0.47227620906500517,0.8890348043884905,0.06593920819295708,0.6262395657600824,0.7231012190667581
-1.007992505914862,-1.5932185276576734,-0.7758379176745821,-0.8358668746924295,-1.258894494193992
-0.9375035194872492,-0.22341317719741577,-2.7399845446988405,-1.3056199479301842,-0.6979523111956665
0.9656991140582942,0.5611117053389136,1.6091972722834456,1.6538244134676712,0.6483089280003147
1.529611005479196,-1.1947296984328712,1.0947779175866161,-0.9826647100792278,-1.5393655856931547
-1.007992505914862,-1.6762370337461738,-1.3370226682529416,-0.3073946672999553,-0.884933038861775
1.3181440461963578,-1.0369945368647202,0.2530007917190769,-0.7771477405377101,-1.240196421427381
0.754232154775456,-0.4641668448540671,0.6271239587713165,0.23282136692346278,-0.2118024192637844
-1.007992505914862,-1.5600111252222733,-1.1967264806083517,-0.9239455759245084,-1.0719137665278835
-0.232613655211122,0.8558274019530903,-0.30818395885928257,0.36200346206384537,0.5922147097004821
1.1771660733411324,0.8599783272575152,0.019173812311427122,2.6226901270205403,2.480720059128178
2.023033910472485,-1.1117111923443708,1.141543313468146,-0.9298174893399804,-1.128007984827716
1.1066770869135196,1.1879014263070922,0.6738893546528465,1.5540018854046482,2.237645113162237
-0.9375035194872492,-1.5517092746134231,-0.40171475062234246,-0.9826647100792278,-0.9784234026948292
-1.007992505914862,0.6856394644716644,0.29976618760060686,-0.7595320002912943,-0.9223291843949967
0.5427651954926179,0.9554496092592908,0.3465315834821368,0.5968799986827228,0.480026273100817
1.8115669511896468,-0.7049205125107184,0.6738893546528465,-0.2604193599761798,-0.7914426750287208
0.5427651954926179,1.6445032097938446,0.2530007917190769,1.207558993891804,0.8352896556664232
-1.0784814923424746,-1.5724639011355483,0.29976618760060686,-1.0707434113113068,-1.0719137665278835
0.6132541819202306,1.196203276915942,0.20623539583754694,0.6321114791755543,0.5735166369338712
-1.007992505914862,0.4863950498592632,0.3465315834821368,-0.7301724332139347,0.08736674500198918
-1.0784814923424746,0.47394227394598815,0.7206547505343764,-0.5422712039188327,-0.641858092895834
0.6132541819202306,-0.443412218331942,0.29976618760060686,0.16823031935327148,-0.11831205543073016
-1.007992505914862,-0.18190392415316553,-2.7399845446988405,-1.5992156187037811,-0.6979523111956665
-1.0784814923424746,0.3037543364645622,1.0947779175866161,-0.330882320961843,-0.6605561656624448
-0.021146695928283867,0.48224412455483817,0.6271239587713165,0.9785543706883986,0.7791954373665906
1.9525449240448722,-1.340012084087747,0.159469999956017,-1.1529501991279139,-1.2775925669606027
1.1066770869135196,0.9097894309106156,0.6271239587713165,1.0548892450895337,1.0783646016323643
-1.0784814923424746,-0.6800149606841683,1.9365550434541554,-0.3073946672999553,-0.510971583529558
-0.9375035194872492,0.4199802449884628,1.6559626681649755,-0.7595320002912943,-0.5857638745960014
-0.37359162806634744,1.146392173262842,-0.40171475062234246,0.4265945096340366,0.8352896556664232
-1.0784814923424746,0.453187647423863,0.9077163340604963,-0.8065073076150697,-0.7353484567288882
-1.007992505914862,0.5984700330787388,0.6271239587713165,-1.0178961905720594,-0.5857638745960014
-0.1621246687835093,1.0384681153477913,-0.3549493547408125,-0.14885300508221302,0.44263012756759534
1.6000999919068086,0.19167935324508653,1.141543313468146,0.5616485181898911,0.8165915828998123
0.47227620906500517,1.0550718165654913,-0.2614185629777526,1.4072040500178498,1.6954010029305222
0.04934229049932885,0.2373395315937618,-0.30818395885928257,1.131224119490669,1.3214395475983052
0.9656991140582942,-0.14039467110891532,0.20623539583754694,0.5205451242815876,0.16215903606843257
1.8115669511896468,-0.20265855067529065,0.7206547505343764,-0.15472491849768497,-1.3523848580270463
-1.007992505914862,-1.6139731541797986,-1.2434918764898817,-0.788891567368654,-1.3710829307936572
0.754232154775456,0.980355161085841,-0.1678877712146927,0.749549747484993,0.7417992918333689
1.1771660733411324,0.35356544011766244,0.39329697936366675,0.6379833925910263,0.610912782467093
-1.0784814923424746,1.6445032097938446,0.4868277711267267,-0.6244779917354398,-0.510971583529558
-1.007992505914862,-0.9290704789496697,0.06593920819295708,-0.07251813068107786,-0.884933038861775
0.11983127692694158,-0.8460519728611693,-0.3549493547408125,0.3737472888947892,0.16215903606843257
-1.0784814923424746,0.46564042333713807,1.4689010846388557,-0.7360443466294065,-0.9784234026948292
-0.9375035194872492,0.5362061535123634,0.6271239587713165,-0.7771477405377101,-0.6044619473626123
0.8952101276306815,-0.8419010475567442,0.11270460407448704,-0.8476107015233734,-1.015819548228051
1.0361881004859068,0.5777154065566137,0.4868277711267267,1.2486623878001075,0.8726858011996449
-0.021146695928283867,1.2584671564823176,0.20623539583754694,1.659696326883143,1.844985585063409
-0.9375035194872492,-1.5724639011355483,-1.4773188558975314,-0.9239455759245084,-1.0719137665278835
-1.007992505914862,0.5569607800344886,-0.5887763341484623,-0.512911636841473,-1.7263463133592631
-1.0784814923424746,0.10866084715658608,-2.7399845446988405,-1.0120242771565875,-0.137010128197341
-1.007992505914862,-0.7630334667726688,-1.8046766270682413,0.9844262841038705,-0.6979523111956665
0.6132541819202306,0.13356639898313621,0.4868277711267267,0.4148506828030928,0.19955518160165428
0.6837431683478433,1.3871458409194932,-0.027591583570102832,1.5422580585737042,2.050664385496128
2.023033910472485,0.3245089629866873,0.5335931670082567,0.931579063364623,1.115760747165586
0.8247211412030687,-0.47246869546291714,0.2530007917190769,0.16235840593779954,-0.4735754379963363
1.529611005479196,-0.23171502780626582,1.7962588558095656,1.5187704049118167,0.6483089280003147
0.47227620906500517,0.9222422068238906,0.3465315834821368,1.5598737988201201,0.7978935101332014
-0.9375035194872492,-1.5517092746134231,0.019173812311427122,-1.0707434113113068,-0.9223291843949967
1.6705889783344214,0.2373395315937618,0.8609509381789663,1.1547117731525567,0.6483089280003147
0.6132541819202306,0.44073487151058793,0.159469999956017,1.301509608539355,1.3588356931315269
1.3181440461963578,1.183750501002667,0.2530007917190769,-0.18408448557504464,0.19955518160165428
1.1066770869135196,0.44073487151058793,0.7206547505343764,0.9080914097027353,0.49872434586742787
0.754232154775456,-0.6675621847708932,0.4868277711267267,0.391363029141205,-0.2118024192637844
-1.0784814923424746,-1.3856722624364222,0.06593920819295708,-0.48355206976411336,-0.6979523111956665
-1.007992505914862,0.5362061535123634,-0.2614185629777526,-0.8299949612769575,-0.641858092895834
1.0361881004859068,-1.4354833660895225,0.06593920819295708,-0.5892465112426082,0.5548185641672604
-1.007992505914862,-0.9290704789496697,-2.7399845446988405,-0.8358668746924295,-0.884933038861775
-1.007992505914862,-1.0951074911266707,-0.869368709437642,-0.24867553314523594,-0.884933038861775
1.4591220190515832,-1.8754814483585749,0.4400623752451967,-0.7477881734603504,-1.0906118392944943
-0.9375035194872492,-1.5600111252222733,-1.056430292963762,-0.8945860088471488,-1.0719137665278835
0.754232154775456,1.2833727083088677,0.4868277711267267,0.9902981975193424,1.6206087118640788
1.1066770869135196,-1.3649176359142972,0.9544817299420263,-2.0983282590188956,-1.4084790763268789
-1.0784814923424746,-0.5554872015514176,-2.2723305858835405,-1.0120242771565875,0.236951327134876
1.4591220190515832,0.9139403562150406,2.030085835217215,2.7048969148371476,2.0319663127295176
-1.0784814923424746,-1.5932185276576734,-0.1678877712146927,-0.8652264417697891,-1.0719137665278835
-1.007992505914862,-1.0535982380824205,0.5335931670082567,-0.6597094722282714,-0.510971583529558
0.8952101276306815,0.14186824959198627,-0.40171475062234246,0.9668105438574547,0.8352896556664232
0.1903202633545543,-0.11964004458679019,-0.4952455423854024,1.0431454182585898,1.340137620364916
-1.007992505914862,-1.5932185276576734,-2.2723305858835405,-0.7184286063829908,-1.4458752218601005
-0.30310264163873474,0.9056385056061905,-1.2434918764898817,0.4559540767113963,0.9848742377993099
1.0361881004859068,0.7396014934291896,0.29976618760060686,0.3854911157257331,0.7231012190667581
1.0361881004859068,0.8682801778663654,0.06593920819295708,1.0959926389978372,0.5922147097004821
1.1066770869135196,0.5818663318610388,1.5156664805203857,2.387813590401663,0.8352896556664232
-1.007992505914862,-0.9705797319939199,0.5335931670082567,-0.8945860088471488,-0.510971583529558
-1.0784814923424746,1.333183811961968,1.141543313468146,-0.8065073076150697,-0.04351976436428676
-0.4440806144939602,0.7063940909937895,0.3465315834821368,0.6967025267457456,0.9661761650326991
0.8952101276306815,-0.9996362091248951,0.4868277711267267,0.19758988643063116,-0.5670658018293906
0.47227620906500517,1.0550718165654913,-0.21465316709622265,1.295637695123883,0.9848742377993099
-1.007992505914862,1.3165801107442678,0.8141855422974363,-0.788891567368654,-0.45487736522972544
-1.007992505914862,-1.717746286790424,-1.8046766270682413,-0.7184286063829908,-2.10030776869148
1.0361881004859068,0.5279043029035134,0.06593920819295708,0.35613154864837343,0.5361204914006495
-0.9375035194872492,-0.30643168328591625,-2.7399845446988405,-1.8340921553226583,-0.3239908558634495
0.5427651954926179,0.6524320620362641,-0.2614185629777526,0.7906531413932966,0.853987728433034
1.6705889783344214,0.27054693402916197,1.281839501112736,0.4148506828030928,-0.510971583529558
-1.007992505914862,1.6112958073584445,1.0480125217050862,-0.4718082429331695,-0.30529278309683866
-1.007992505914862,-1.8630286724453,0.06593920819295708,-0.7771477405377101,-0.884933038861775
0.47227620906500517,-0.15284744702219039,-0.21465316709622265,0.12712692544496793,0.44263012756759534
0.8247211412030687,1.0592227418699163,-0.3549493547408125,1.0548892450895337,1.489722202497803
-1.0784814923424746,0.7645070452557398,0.3465315834821368,-0.6831971258901591,-0.4735754379963363
0.47227620906500517,0.6773376138628142,0.2530007917190769,0.6438553060064982,0.8726858011996449
0.5427651954926179,-0.8211464210346191,0.5803585628897866,0.12712692544496793,-0.17440627373056272
0.6837431683478433,-1.165673221301896,0.7206547505343764,-0.9826647100792278,-1.6515540222928198
-1.0784814923424746,-1.5849166770488234,-0.2614185629777526,-0.8652264417697891,-1.258894494193992
-0.9375035194872492,0.5403570788167885,0.3465315834821368,-1.064871497895835,-0.3613870013966712
-1.0784814923424746,-1.5849166770488234,-0.6355417300299923,-0.9533051430018682,-0.9784234026948292
2.1640118833277104,-0.7007695872062935,0.4868277711267267,-1.4817773503943423,-1.389781003560268
-1.0784814923424746,-0.6385057076399181,-2.2723305858835405,-0.6597094722282714,-0.6979523111956665
-1.0784814923424746,0.274697859333587,-2.2723305858835405,-1.3056199479301842,-0.6979523111956665
0.6132541819202306,1.5365791518787941,0.019173812311427122,1.1840713402299163,0.8352896556664232
0.5427651954926179,0.6648848379495392,-0.40171475062234246,0.4383383364649805,1.3027414748316943
1.8820559376172596,-0.2524696543283909,1.9833204393356854,1.0079139377657582,0.12476289053521088
1.3886330326239704,-0.9166177030363947,0.2530007917190769,-0.7243005197984627,-0.9036311116283858
1.1771660733411324,0.9388459080415907,0.20623539583754694,1.0020420243502863,0.853987728433034
-1.0784814923424746,-1.6347277807019236,-1.3370226682529416,0.04492013762836084,-0.6979523111956665
0.8952101276306815,-0.6966186619018684,0.06593920819295708,-0.45419250268675365,-0.5483677290627798
-1.007992505914862,0.10866084715658608,-2.2723305858835405,-0.3073946672999553,0.04997059946876749
-1.0784814923424746,-1.0535982380824205,0.5335931670082567,-0.6597094722282714,-0.510971583529558
-0.9375035194872492,0.5237533775990884,0.159469999956017,-0.7301724332139347,-0.6605561656624448
-0.9375035194872492,-1.4271815154806724,0.5335931670082567,-0.36611380145467465,-0.510971583529558
0.8952101276306815,1.0052607129123912,0.3465315834821368,1.213430907307276,1.0409684560991426
0.3312982362097797,1.0218644141300912,0.019173812311427122,1.113608379244253,1.0035723105659209
0.9656991140582942,1.1712977250893921,0.019173812311427122,1.3191253487857708,0.7604973645999797
-1.0784814923424746,-0.9705797319939199,1.4689010846388557,-0.424832935609394,-1.0719137665278835
-0.9375035194872492,0.3162071123778372,1.281839501112736,-0.6714532990592152,-0.7914426750287208
-1.0784814923424746,0.6814885391672393,1.3753702928757958,-0.612734164904496,-0.8475368933285533
1.3181440461963578,-0.7132223631195685,0.5335931670082567,0.14474266569138375,-0.6044619473626123
1.3886330326239704,-0.6841658859885933,0.29976618760060686,0.3091562413245979,0.03127252670215663
-0.9375035194872492,1.4577115710947186,0.29976618760060686,-0.11362152458938142,-0.2865947103302278
0.6132541819202306,0.5154515269902383,-0.1678877712146927,0.573392345020835,0.5548185641672604
-1.007992505914862,1.3705421397017932,0.11270460407448704,-0.5716307709961924,-0.5483677290627798
0.8247211412030687,-0.642656632944343,0.39329697936366675,0.07427970470572051,-1.0345176209946618
0.754232154775456,-0.30643168328591625,0.20623539583754694,1.207558993891804,1.4336279841979704
0.40178722263739247,0.47394227394598815,-0.30818395885928257,0.23282136692346278,1.489722202497803
0.8247211412030687,1.3248819613531178,0.5335931670082567,0.2386932803389347,1.1905530382320293
0.754232154775456,1.2294106793513424,0.29976618760060686,0.749549747484993,0.6670070007669255
0.6132541819202306,-1.5558601999178483,0.5335931670082567,0.8728599292099037,1.0409684560991426
-1.007992505914862,-0.7215242137284186,-2.2723305858835405,-1.1294625454660263,-0.6979523111956665
-1.0784814923424746,0.4863950498592632,0.29976618760060686,-0.5305273770878888,-0.5670658018293906
-1.007992505914862,-1.3026537563479217,0.06593920819295708,-0.8358668746924295,-1.258894494193992
0.8247211412030687,0.5445080041212135,0.06593920819295708,0.2974124144936541,0.480026273100817
-1.007992505914862,-1.5932185276576734,-0.5420109382669324,-0.8358668746924295,-1.258894494193992
-0.9375035194872492,1.341485662570818,0.6271239587713165,-0.5951184246580801,-0.754046529495499
0.40178722263739247,0.8848838790840654,-0.4952455423854024,1.4306917036797375,1.115760747165586
0.3312982362097797,1.2667690070911675,0.5335931670082567,0.5381608645280034,0.8726858011996449
-1.007992505914862,-0.3479409363301665,-2.7399845446988405,-1.1881816796207456,-0.510971583529558
0.1903202633545543,1.6860124628380948,-0.2614185629777526,1.495282751249929,2.218947040395626
-1.007992505914862,2.0180864871920967,1.7027280640465055,-0.32501040754637106,-0.30529278309683866
1.3181440461963578,0.24979230750703688,0.11270460407448704,1.5305142317427605,1.4336279841979704
0.260809249782167,1.358089363788518,-0.7290725217930522,1.6185929329748394,1.5084202752644138
-1.0784814923424746,1.366391214397368,-0.027591583570102832,-0.6479656453973275,-0.4361792924631146
-1.0784814923424746,-1.4271815154806724,-1.8046766270682413,-0.424832935609394,-1.0719137665278835
-0.9375035194872492,0.10866084715658608,-2.7399845446988405,-1.246900813775465,-0.6979523111956665
1.3181440461963578,-0.6675621847708932,1.3286048969942659,0.5557766047744193,0.236951327134876
-1.007992505914862,-0.5554872015514176,-2.2723305858835405,-0.5422712039188327,0.9848742377993099
1.0361881004859068,0.15847195080968635,-0.027591583570102832,0.5322889511125315,0.5548185641672604
-1.0784814923424746,-1.5724639011355483,-0.40171475062234246,-0.8652264417697891,-1.0719137665278835
-1.007992505914862,0.23318860628933677,-2.7399845446988405,-1.4817773503943423,-0.6979523111956665
0.9656991140582942,-0.3188844591991913,0.8141855422974363,0.9726824572729266,0.4052339820343736
1.0361881004859068,0.5279043029035134,-0.2614185629777526,0.9139633231182073,0.9100819467328666
0.04934229049932885,0.7520542693424647,-0.027591583570102832,0.6908306133302737,0.7604973645999797
0.1903202633545543,0.8516764766486652,-0.6823071259115222,0.9257071499491512,1.0596665288657534
-1.0784814923424746,1.3539384384840931,0.4400623752451967,-0.5540150307497765,-0.4922735107629472
1.1066770869135196,-0.10718726867351512,0.4868277711267267,0.8023969682242404,0.5735166369338712
0.9656991140582942,0.4863950498592632,0.4400623752451967,0.9080914097027353,1.0222703833325317
0.1903202633545543,0.12526454837428616,-0.5887763341484623,1.301509608539355,1.0409684560991426
-1.0784814923424746,-1.6762370337461738,-1.8046766270682413,-0.5422712039188327,-1.4458752218601005
0.754232154775456,0.8309218501265401,-0.07435697945163279,1.0842488121668934,0.7791954373665906
0.754232154775456,0.4116783943796128,0.9077163340604963,1.0959926389978372,1.4149299114313596
0.9656991140582942,-0.6468075582487681,0.06593920819295708,0.8787318426253756,-0.3239908558634495
1.247655059768745,-0.3562427869390165,0.29976618760060686,0.2034617998461031,-0.4922735107629472
-0.9375035194872492,0.15017010020083632,-2.7399845446988405,-1.5404964845490616,-0.6979523111956665
0.5427651954926179,-0.8834103006009945,-0.2614185629777526,0.26805284741629437,-0.754046529495499
-1.007992505914862,-1.3026537563479217,1.9365550434541554,0.3385158084019576,-1.258894494193992
-1.0784814923424746,-1.5932185276576734,-1.1499610847268218,-0.8065073076150697,-1.2962906397272136
-0.021146695928283867,0.9637514598681408,0.2530007917190769,-0.18408448557504464,0.7604973645999797
1.3886330326239704,-0.2109604012841407,0.06593920819295708,0.667342959668386,1.0035723105659209
1.1066770869135196,-1.0619000886912704,0.4868277711267267,-0.3719857148701466,-0.9597253299282184
-1.0784814923424746,-0.6800149606841683,-2.2723305858835405,-1.1294625454660263,-0.6979523111956665
2.1640118833277104,-0.626052931726643,0.20623539583754694,-1.5581122247954775,-1.3523848580270463
0.5427651954926179,-0.47661962076734216,0.4400623752451967,0.43246642304950855,-0.006123618831065064
0.04934229049932885,0.15017010020083632,-0.21465316709622265,0.9080914097027353,1.0222703833325317
0.260809249782167,1.6029939567495943,-0.6355417300299923,1.7301592878688064,2.480720059128178
-0.09163568235589659,-0.3686955628522916,-0.5887763341484623,0.673214873083858,1.2466472565318618
-1.0784814923424746,0.5154515269902383,0.2530007917190769,-0.43070484902486594,-0.5483677290627798
0.11983127692694158,0.9056385056061905,0.06593920819295708,1.0607611585050056,1.227949183765251
0.6837431683478433,0.3037543364645622,-0.21465316709622265,0.7965250548087686,0.8165915828998123
-1.007992505914862,-1.3026537563479217,0.5335931670082567,-0.8945860088471488,-0.884933038861775
-1.007992505914862,1.6112958073584445,0.7674201464159064,-0.6890690393056311,-0.5857638745960014
1.741077964762034,-0.39360111467884173,1.7027280640465055,-0.22518787948334817,0.14346096330182173
-0.021146695928283867,1.183750501002667,-0.3549493547408125,1.4013321366023779,1.1344588199321968
-1.0784814923424746,0.02564234106808562,-2.7399845446988405,-0.9533051430018682,-0.510971583529558
0.3312982362097797,0.9305440574327407,0.11270460407448704,0.9139633231182073,1.0409684560991426
0.9656991140582942,0.9346949827371657,0.20623539583754694,0.8023969682242404,0.5361204914006495
-1.007992505914862,0.7645070452557398,-0.5420109382669324,-1.076615324726779,-0.5857638745960014
0.6837431683478433,0.2913015605512871,-0.6355417300299923,0.7906531413932966,0.8352896556664232
1.4591220190515832,-0.23171502780626582,0.11270460407448704,0.42072259621856467,-0.06221783713089761
-0.1621246687835093,1.175448650393817,0.29976618760060686,1.313253435370299,0.9661761650326991
-1.0784814923424746,-0.8460519728611693,1.4689010846388557,-0.6009903380735521,-0.510971583529558
0.5427651954926179,0.6067718836875888,-0.6355417300299923,0.8023969682242404,0.9848742377993099
-1.007992505914862,-1.5517092746134231,-0.027591583570102832,-0.9239455759245084,-1.0719137665278835
0.754232154775456,-0.5222797991160174,0.6271239587713165,1.6009771927284238,2.1628528220957937
1.8115669511896468,0.8890348043884905,0.8141855422974363,0.479441730373284,0.8165915828998123
-0.9375035194872492,-1.5600111252222733,-0.7758379176745821,-0.9239455759245084,-1.1654041303609377
-0.9375035194872492,-1.3856722624364222,-1.8046766270682413,-3.6543853141189584,-0.884933038861775
-0.9375035194872492,-1.5932185276576734,-0.869368709437642,-0.8241230478614856,-1.6889501678260415
-0.30310264163873474,0.8433746260398152,-0.30818395885928257,0.18584605959968728,0.7417992918333689
0.8952101276306815,0.8018653729955649,-0.3549493547408125,1.2838938682929393,1.340137620364916
-1.0784814923424746,1.6569559857071197,0.7674201464159064,-0.6597094722282714,-0.6979523111956665
-1.007992505914862,-0.8460519728611693,1.4689010846388557,-0.13123726483579723,-1.0719137665278835
0.40178722263739247,-0.7215242137284186,0.06593920819295708,0.6967025267457456,0.5922147097004821
-1.0784814923424746,0.4988478257725383,0.4400623752451967,-0.7419162600448785,-0.641858092895834
-0.9375035194872492,0.37432006663978756,0.159469999956017,-0.606862251489024,-0.3613870013966712
0.1903202633545543,1.158844949176117,-0.3549493547408125,0.3385158084019576,0.5548185641672604
-1.007992505914862,-1.5932185276576734,-0.7758379176745821,-0.8358668746924295,-1.2962906397272136
0.8952101276306815,-1.518501872178023,-0.12112237533316275,-1.8223483284917146,-1.1467060575943269
-1.007992505914862,0.47809319925041316,1.3286048969942659,-0.3191384941308992,-0.7166503839622773
1.1066770869135196,-0.6011473799000929,0.11270460407448704,0.3502596352329015,-0.19310434649717356
0.47227620906500517,0.009038639850385525,-0.40171475062234246,1.6949278073759746,1.1718549654654185
-1.0784814923424746,-0.4309594424186669,-1.8046766270682413,-1.0120242771565875,0.236951327134876
-1.0784814923424746,-1.2611445033036714,-0.869368709437642,-0.3073946672999553,-0.884933038861775
1.6705889783344214,-0.47246869546291714,1.6091972722834456,0.9433228901955669,0.012574453935545786
2.798412761176225,-0.7132223631195685,0.5803585628897866,-1.9221708565547375,-1.4645732946267114
1.1771660733411324,-0.13209282050006527,0.29976618760060686,0.6438553060064982,0.9287800194994774
0.8247211412030687,0.2871506352468621,0.29976618760060686,0.31502815474006984,1.2092511109986401
0.754232154775456,0.6773376138628142,1.0012471258235562,0.46182599012686826,0.7231012190667581
-1.007992505914862,-1.5849166770488234,-0.40171475062234246,-0.8652264417697891,-1.258894494193992
-0.09163568235589659,-0.8668065993832944,0.5335931670082567,0.8023969682242404,-0.4361792924631146
-0.9375035194872492,0.5113006016858134,1.0012471258235562,-1.0883591515577227,-0.5857638745960014
0.47227620906500517,0.80601629829999,0.159469999956017,0.5205451242815876,1.5271183480310246
-1.007992505914862,0.5279043029035134,-0.12112237533316275,-0.8065073076150697,-0.4361792924631146
0.754232154775456,0.9180912815194656,1.0012471258235562,1.6714401537140868,1.4710241297311921
1.9525449240448722,-1.2694463539125216,0.5335931670082567,-1.8869393760619058,-1.4645732946267114
0.754232154775456,0.8973366549973405,0.019173812311427122,1.1605836865680286,1.5271183480310246
-1.007992505914862,0.44488579681501295,0.5803585628897866,-0.8006353941995978,-0.8101407477953316
-1.007992505914862,-0.9705797319939199,-2.2723305858835405,-0.7184286063829908,-0.6979523111956665
0.9656991140582942,1.0633736671743415,0.159469999956017,1.6244648463903115,1.5271183480310246
-1.007992505914862,0.5860172571654637,0.6738893546528465,-0.7066847795520469,-0.6605561656624448
0.754232154775456,1.3539384384840931,0.4868277711267267,1.7419031146997501,1.6393067846306897
1.529611005479196,1.3705421397017932,0.6271239587713165,1.2310466475536919,1.7701932939969656
0.6837431683478433,1.0218644141300912,0.7206547505343764,-0.037286650188246256,1.0035723105659209
0.40178722263739247,0.8558274019530903,0.3465315834821368,0.9785543706883986,0.9848742377993099
1.741077964762034,-0.38114833876556664,0.4400623752451967,0.25043710716987855,-0.11831205543073016
-0.9375035194872492,0.19167935324508653,-2.7399845446988405,-1.246900813775465,-0.510971583529558
1.529611005479196,0.9554496092592908,0.019173812311427122,0.11538309861402406,0.9848742377993099
0.5427651954926179,1.0343171900433663,0.06593920819295708,1.0431454182585898,1.9571740216630742
-1.007992505914862,0.6731866885583893,1.0947779175866161,-1.064871497895835,-0.9223291843949967
0.47227620906500517,-0.816995495730194,0.39329697936366675,0.3854911157257331,-0.5296696562961688
-1.0784814923424746,0.8018653729955649,0.5335931670082567,-1.1881816796207456,-0.8101407477953316
1.529611005479196,-1.0619000886912704,0.8141855422974363,-0.612734164904496,-1.015819548228051
2.093522896900098,-0.37699741346114163,0.8609509381789663,0.303284327909126,-0.641858092895834
0.6132541819202306,-0.2524696543283909,0.4868277711267267,0.6262395657600824,0.7231012190667581
2.093522896900098,-1.2943519057390718,1.0012471258235562,-1.064871497895835,-1.128007984827716
0.9656991140582942,-1.4562379926116475,-0.30818395885928257,-1.147078285712442,-1.3523848580270463
1.247655059768745,-0.8335991969478942,0.5335931670082567,0.7847812279778247,0.3678378365011519
-1.007992505914862,-1.2611445033036714,1.0012471258235562,-0.6597094722282714,-0.510971583529558
-1.007992505914862,1.2377125299601923,0.7206547505343764,-0.8006353941995978,-0.510971583529558
0.754232154775456,0.5694135559477637,-0.12112237533316275,1.1018645524133093,0.9661761650326991
-1.007992505914862,-1.3026537563479217,-0.40171475062234246,-0.3073946672999553,-0.884933038861775
0.5427651954926179,1.2003542022203673,-0.027591583570102832,0.755421660900465,0.6670070007669255
1.3886330326239704,-0.48907239668061725,0.7674201464159064,0.7260620938231054,-0.3987831469298929
-1.007992505914862,-1.5517092746134231,-0.1678877712146927,-1.0120242771565875,-0.9784234026948292
1.529611005479196,-0.2856770567637911,0.5335931670082567,0.6086238255136667,-0.137010128197341
-1.0784814923424746,-1.0951074911266707,0.5335931670082567,-0.36611380145467465,-0.884933038861775
-0.9375035194872492,0.19167935324508653,-2.7399845446988405,-1.423058216239623,-0.510971583529558
-1.0784814923424746,-1.5102000215691729,-0.40171475062234246,-1.0413838442339471,-1.258894494193992
-0.232613655211122,0.7520542693424647,-0.5887763341484623,1.0607611585050056,1.3962318386647485
0.3312982362097797,0.5362061535123634,-0.3549493547408125,0.17410223276874343,0.7044031463001472
-1.007992505914862,1.5490319277920692,0.9544817299420263,-0.424832935609394,-0.5857638745960014
-1.007992505914862,1.4784661976168436,0.3465315834821368,-0.28390701363806753,-0.41748121969650376
-0.021146695928283867,1.0758264430876165,-0.822603313556112,0.4148506828030928,0.7044031463001472
1.247655059768745,0.7188468669070645,1.3286048969942659,1.8241099025163572,0.8352896556664232
-1.007992505914862,-0.9290704789496697,1.0012471258235562,-0.7771477405377101,-0.6979523111956665
-0.9375035194872492,0.8018653729955649,1.4689010846388557,-0.7595320002912943,-0.8662349660951641
0.47227620906500517,0.4033765437707627,-0.1678877712146927,1.3367410890321867,1.6393067846306897
-1.007992505914862,1.2501653058734674,0.159469999956017,-0.8593545283543172,-0.006123618831065064
-1.0784814923424746,-1.6139731541797986,-0.30818395885928257,-0.7184286063829908,-1.4458752218601005
-0.9375035194872492,0.79771444769114,1.235074105231206,-1.1294625454660263,-0.4922735107629472
0.5427651954926179,1.0758264430876165,-0.07435697945163279,1.677312067129559,1.3214395475983052
-1.007992505914862,-1.5932185276576734,-0.7758379176745821,-0.8358668746924295,-1.2962906397272136
1.4591220190515832,-0.5015251725938923,1.188308709349676,1.3191253487857708,1.0222703833325317
0.754232154775456,0.810167223604415,-0.027591583570102832,2.2821191489231683,2.854681514460395
-1.007992505914862,-0.09888541806466508,-2.2723305858835405,-1.246900813775465,-0.510971583529558
0.8247211412030687,0.5196024522946634,-0.30818395885928257,-0.3778576282856185,0.31174361820131935
-1.0784814923424746,-0.5969964545956679,-2.7399845446988405,-1.1881816796207456,-0.3239908558634495
1.3886330326239704,-0.1569983723266154,0.019173812311427122,-0.6597094722282714,-1.0906118392944943
1.6705889783344214,-1.2652954286080966,1.281839501112736,-1.3936986491622634,-1.520667512926544
0.260809249782167,0.8267709248221151,-0.30818395885928257,2.023754958642403,1.4336279841979704
0.04934229049932885,1.0343171900433663,0.06593920819295708,0.9785543706883986,1.115760747165586
0.11983127692694158,0.6814885391672393,-0.869368709437642,0.21520562667704696,0.5548185641672604
0.8247211412030687,-1.169824146606321,0.4400623752451967,0.8200127084706563,-0.137010128197341
-1.0784814923424746,-1.6139731541797986,-0.12112237533316275,-0.7477881734603504,-1.3523848580270463
-1.007992505914862,0.5777154065566137,0.8609509381789663,-0.43657676244033783,-0.8101407477953316
1.1771660733411324,-0.983032507907195,0.9544817299420263,-0.9298174893399804,-1.0719137665278835
-0.9375035194872492,0.4905459751636882,0.9544817299420263,-1.0061523637411156,-0.7727446022621098
-1.0784814923424746,0.6856394644716644,0.29976618760060686,-1.0120242771565875,-0.30529278309683866
1.1066770869135196,0.7811107464734398,-0.12112237533316275,1.3367410890321867,1.115760747165586
-0.021146695928283867,1.2169579034380673,-0.12112237533316275,0.6790867864993299,0.49872434586742787
1.0361881004859068,0.09205714593888599,0.159469999956017,1.2838938682929393,1.3588356931315269
0.9656991140582942,0.9097894309106156,0.11270460407448704,0.7436778340695211,0.9848742377993099
0.47227620906500517,0.639979286122989,0.159469999956017,0.6849586999148017,0.6296108552337039
-1.007992505914862,-0.47246869546291714,-2.2723305858835405,-0.9533051430018682,-0.510971583529558
0.6837431683478433,-0.6883168112930184,0.5335931670082567,0.16823031935327148,0.480026273100817
-1.007992505914862,0.6773376138628142,0.11270460407448704,-0.7536600868758223,-0.45487736522972544
0.1903202633545543,0.7894125970822898,-0.2614185629777526,0.42072259621856467,0.5922147097004821
-0.021146695928283867,1.0633736671743415,-0.12112237533316275,1.201687080476332,1.7701932939969656
-0.1621246687835093,0.6441302114274141,-0.6823071259115222,0.8669880157944317,0.853987728433034
0.5427651954926179,0.4697913486415631,0.11270460407448704,0.43246642304950855,0.4052339820343736
-0.9375035194872492,1.6569559857071197,0.7674201464159064,-0.18408448557504464,-0.754046529495499
0.6837431683478433,0.35771636542208746,0.11270460407448704,1.2193028207227479,1.2840434020650835
-0.09163568235589659,1.0882792190008916,-0.4952455423854024,0.8023969682242404,0.8165915828998123
-1.0784814923424746,-1.5724639011355483,-0.1678877712146927,-0.8945860088471488,-1.1654041303609377
0.260809249782167,1.9848790847566966,-0.40171475062234246,1.4659231841725693,2.218947040395626
-0.9375035194872492,-1.2196352502594214,-0.40171475062234246,-0.8358668746924295,-0.6979523111956665
-1.007992505914862,-1.136616744170921,1.0012471258235562,-0.24867553314523594,-0.6979523111956665
1.0361881004859068,-0.2441678037195409,0.29976618760060686,-0.11362152458938142,-0.34268892863006034
0.754232154775456,0.9471477586504408,0.159469999956017,2.276247235507696,2.3872296952951237
